object_id,object_type,attr__vbtyp_code
0000019068,Order,C
0090040438,Invoice,M
0080018917,Delivery,J
0000019077,Order,C
4900005445,Goods Movement,R
0080018920,Delivery,J
0000019080,Order,C
4900005447,Goods Movement,R
0000019078,Order,C
4900005446,Goods Movement,R
0080018922,Delivery,J
0000019084,Order,C
4900005522,Goods Movement,R
0080018924,Delivery,J
0080018926,Delivery,J
0090040442,Invoice,M
0000019087,Order,C
4900005524,Goods Movement,R
0080018928,Delivery,J
0090040444,Invoice,M
0080018935,Delivery,J
0090040450,Invoice,M
0000019096,Order,C
4900005534,Goods Movement,R
0080018938,Delivery,J
0090040452,Invoice,M
0000019106,Order,C
4900005538,Goods Movement,R
0080018944,Delivery,J
0000019104,Order,C
4900005539,Goods Movement,R
0080018939,Delivery,J
0000019103,Order,C
4900005540,Goods Movement,R
0080018943,Delivery,J
0000019107,Order,C
4900005541,Goods Movement,R
0080018945,Delivery,J
0000019105,Order,C
0090040453,Invoice,M
0000019095,Order,C
4900005532,Goods Movement,R
0080018936,Delivery,J
0090040451,Invoice,M
0080018941,Delivery,J
0090040454,Invoice,M
0090040455,Invoice,M
0090040456,Invoice,M
0090040457,Invoice,M
0000019102,Order,C
0090040458,Invoice,M
0080018942,Delivery,J
0000019134,Order,C
1828951000,Goods Movement,R
0010000089,Inquiry,A
0020000276,Quotation,B
0000019125,Order,C
0080018951,Delivery,J
0090040459,Invoice,M
0000019136,Order,C
4500019826,Purchase Order,V
0000019154,Order,C
0090040460,Invoice,M
0080018953,Delivery,J
0000019156,Order,C
0090040461,Invoice,M
0080018955,Delivery,J
0000019157,Order,C
0090040462,Invoice,M
0080018956,Delivery,J
0000019158,Order,C
0090040463,Invoice,M
0080018957,Delivery,J
0000019174,Order,C
4900005628,Goods Movement,R
0080018972,Delivery,J
0090040464,Invoice,M
0000019175,Order,C
4900005629,Goods Movement,R
0080018973,Delivery,J
0005000028,Order,C
4900005630,Goods Movement,R
0087000002,Delivery,J
4900005426,Goods Movement,R
0020000271,Quotation,B
0000019071,Order,C
0020000274,Quotation,B
0000019074,Order,C
0000019073,Order,C
4900005439,Goods Movement,R
0080018919,Delivery,J
0090040439,Invoice,M
0090040440,Invoice,M
0090040441,Invoice,M
0000019086,Order,C
0090040443,Invoice,M
0080018927,Delivery,J
0000019101,Order,C
4900005535,Goods Movement,R
0080018940,Delivery,J
4900005536,Goods Movement,R
4900005537,Goods Movement,R
0010000088,Inquiry,A
0020000275,Quotation,B
4900005523,Goods Movement,R
0000019088,Order,C
4900005525,Goods Movement,R
0080018929,Delivery,J
0000019089,Order,C
4900005526,Goods Movement,R
0080018930,Delivery,J
0090040445,Invoice,M
0000019090,Order,C
4900005527,Goods Movement,R
0080018931,Delivery,J
0090040446,Invoice,M
0000019091,Order,C
4900005528,Goods Movement,R
0080018932,Delivery,J
0090040447,Invoice,M
0000019092,Order,C
4900005529,Goods Movement,R
0080018933,Delivery,J
0090040448,Invoice,M
0000019093,Order,C
4900005530,Goods Movement,R
0080018934,Delivery,J
0090040449,Invoice,M
0000019094,Order,C
4900005531,Goods Movement,R
0005000030,Order,C
0090040465,Invoice,M
0087000004,Delivery,J
0000019189,Order,C
4900005650,Goods Movement,R
0080018977,Delivery,J
0000019198,Order,C
4900005671,Goods Movement,R
0080018983,Delivery,J
0090040468,Invoice,M
0005002002,Order,C
2300010000,Goods Movement,R
4900005674,Goods Movement,R
0087000010,Delivery,J
0090040471,Invoice,M
0005002003,Order,C
0090040472,Invoice,M
0087000011,Delivery,J
0005002004,Order,C
0090040473,Invoice,M
0087000012,Delivery,J
0000019182,Delivery,J
4900005645,Goods Movement,R
0000019188,Order,C
4900005647,Goods Movement,R
0080018976,Delivery,J
0090040466,Invoice,M
0005000040,Order,C
0090040470,Invoice,M
0087000009,Delivery,J
2300011000,Goods Movement,R
4900005675,Goods Movement,R
0005002005,Order,C
2300013000,Goods Movement,R
4900005677,Goods Movement,R
0087000013,Delivery,J
0090040474,Invoice,M
0005002006,Order,C
2300014000,Goods Movement,R
4900005678,Goods Movement,R
4900005632,Goods Movement,R
2300012000,Goods Movement,R
4900005676,Goods Movement,R
0087000014,Delivery,J
0005002007,Order,C
2300015000,Goods Movement,R
4900005679,Goods Movement,R
0087000015,Delivery,J
0090040476,Invoice,M
0005002008,Order,C
2300016000,Goods Movement,R
4900005680,Goods Movement,R
0087000016,Delivery,J
0090040477,Invoice,M
0005000029,Order,C
4900005631,Goods Movement,R
0087000003,Delivery,J
0005000038,Order,C
4900005672,Goods Movement,R
0087000007,Delivery,J
0090040475,Invoice,M
0005002009,Order,C
2300017000,Goods Movement,R
4900005681,Goods Movement,R
0087000017,Delivery,J
0090040478,Invoice,M
0005002010,Order,C
2300018000,Goods Movement,R
4900005682,Goods Movement,R
0087000018,Delivery,J
0090040479,Invoice,M
0000019194,Order,C
4900005666,Goods Movement,R
0080018981,Delivery,J
0000019197,Order,C
4900005670,Goods Movement,R
0080018982,Delivery,J
0090040467,Invoice,M
0090040469,Invoice,M
2300009000,Goods Movement,R
4900005673,Goods Movement,R
0000019241,Order,C
4900005877,Goods Movement,R
0080019013,Delivery,J
0005004281,Order,C
4900005934,Goods Movement,R
0087000424,Delivery,J
0005004208,Order,C
4900005941,Goods Movement,R
0087000351,Delivery,J
0005004260,Order,C
4900005947,Goods Movement,R
0087000403,Delivery,J
0005001106,Quotation,B
0005004308,Order,C
0005001108,Quotation,B
0005004311,Order,C
0005001110,Quotation,B
0005004313,Order,C
0005001111,Quotation,B
0005004314,Order,C
0005001112,Quotation,B
0005004315,Order,C
0005004332,Order,C
4900000004,Goods Movement,R
0087000471,Delivery,J
0005004330,Order,C
4900000005,Goods Movement,R
0087000468,Delivery,J
0005004342,Order,C
0090482000,Goods Movement,R
0087000482,Delivery,J
0005004432,Order,C
0090573000,Goods Movement,R
4900000022,Goods Movement,R
0087000573,Delivery,J
0005004474,Order,C
4900000036,Goods Movement,R
0087000615,Delivery,J
0005004478,Order,C
4900000039,Goods Movement,R
0087000619,Delivery,J
0005001049,Quotation,B
0005004279,Order,C
0005001051,Quotation,B
0005004284,Order,C
0005001052,Quotation,B
0005004285,Order,C
0005001054,Quotation,B
0005004287,Order,C
0005001056,Quotation,B
0005004294,Order,C
0005001178,Quotation,B
0005004350,Order,C
0015000074,Inquiry,A
0005001184,Quotation,B
0005004348,Order,C
0090040610,Invoice,M
0087000489,Delivery,J
0015000070,Inquiry,A
0005001185,Quotation,B
0015000076,Inquiry,A
0005001186,Quotation,B
0005004354,Order,C
0015000078,Inquiry,A
0005001187,Quotation,B
0005004355,Order,C
0015000260,Inquiry,A
0005001368,Quotation,B
0005004535,Order,C
0090040682,Invoice,M
0087000676,Delivery,J
0015000261,Inquiry,A
0005001369,Quotation,B
0005004536,Order,C
0090040683,Invoice,M
0087000677,Delivery,J
0015000262,Inquiry,A
0005001370,Quotation,B
0005004537,Order,C
0090040684,Invoice,M
0087000678,Delivery,J
0015000263,Inquiry,A
0005001371,Quotation,B
0020000277,Quotation,B
0000019214,Order,C
0005004542,Order,C
4900000094,Goods Movement,R
0087000683,Delivery,J
0005004545,Order,C
4900000096,Goods Movement,R
0087000686,Delivery,J
0005004578,Order,C
4900000123,Goods Movement,R
0087000719,Delivery,J
0005004582,Order,C
4900000126,Goods Movement,R
0087000723,Delivery,J
0005004612,Order,C
4900000153,Goods Movement,R
0100753000,Goods Movement,R
0087000753,Delivery,J
0087000763,Delivery,J
0100763000,Goods Movement,R
0005004624,Order,C
0090040760,Invoice,M
0087000765,Delivery,J
0005004626,Order,C
4900000167,Goods Movement,R
0100767000,Goods Movement,R
0087000767,Delivery,J
0090040762,Invoice,M
0005004562,Order,C
4900000110,Goods Movement,R
0087000703,Delivery,J
0005004568,Order,C
4900000115,Goods Movement,R
0087000709,Delivery,J
0005004569,Order,C
4900000116,Goods Movement,R
0087000710,Delivery,J
0005004590,Order,C
4900000133,Goods Movement,R
0087000731,Delivery,J
0005004597,Order,C
4900000140,Goods Movement,R
0087000738,Delivery,J
0005004606,Order,C
4900000148,Goods Movement,R
0087000747,Delivery,J
0005004609,Order,C
4900000150,Goods Movement,R
0087000750,Delivery,J
0005004651,Order,C
0090040787,Invoice,M
0087000792,Delivery,J
0005004652,Order,C
0090040788,Invoice,M
0087000793,Delivery,J
0005004653,Order,C
0090040789,Invoice,M
0087000794,Delivery,J
0005004654,Order,C
0090040790,Invoice,M
0087000795,Delivery,J
0005004629,Order,C
0090040765,Invoice,M
0087000770,Delivery,J
0005004630,Order,C
4900000171,Goods Movement,R
0100771000,Goods Movement,R
0087000771,Delivery,J
0005004631,Order,C
4900000172,Goods Movement,R
0100772000,Goods Movement,R
0087000772,Delivery,J
0005004632,Order,C
4900000173,Goods Movement,R
0100773000,Goods Movement,R
0087000773,Delivery,J
0005004634,Order,C
4900000175,Goods Movement,R
0100775000,Goods Movement,R
0087000775,Delivery,J
0090040770,Invoice,M
0005004635,Order,C
0090040771,Invoice,M
0087000776,Delivery,J
0005004636,Order,C
0090040772,Invoice,M
0087000777,Delivery,J
0005004637,Order,C
0090040773,Invoice,M
0087000778,Delivery,J
0015000264,Inquiry,A
0005001372,Quotation,B
0087000802,Delivery,J
0100802000,Goods Movement,R
0005004661,Order,C
0090040797,Invoice,M
0005004662,Order,C
4900000203,Goods Movement,R
0100803000,Goods Movement,R
0087000803,Delivery,J
0090040798,Invoice,M
0005004663,Order,C
0090040799,Invoice,M
0087000804,Delivery,J
0005004664,Order,C
0090040800,Invoice,M
0087000805,Delivery,J
0015000018,Inquiry,A
0005001129,Quotation,B
0005004324,Order,C
0090040591,Invoice,M
0087000463,Delivery,J
0015000023,Inquiry,A
0005001130,Quotation,B
0015000020,Inquiry,A
0005001131,Quotation,B
0005004331,Order,C
0005004638,Order,C
0090040774,Invoice,M
0087000779,Delivery,J
0005004639,Order,C
0090040775,Invoice,M
0087000780,Delivery,J
0005004640,Order,C
4900000181,Goods Movement,R
0100781000,Goods Movement,R
0087000781,Delivery,J
0090040776,Invoice,M
0005004641,Order,C
0090040777,Invoice,M
0087000782,Delivery,J
0005004642,Order,C
0090040778,Invoice,M
0087000783,Delivery,J
0005004655,Order,C
4900000196,Goods Movement,R
0100796000,Goods Movement,R
0087000796,Delivery,J
0090040791,Invoice,M
0005004656,Order,C
4900000197,Goods Movement,R
0100797000,Goods Movement,R
0087000797,Delivery,J
0090040792,Invoice,M
0005004657,Order,C
0090040793,Invoice,M
0087000798,Delivery,J
0005004658,Order,C
4900000199,Goods Movement,R
0100799000,Goods Movement,R
0087000799,Delivery,J
0090040794,Invoice,M
0005004659,Order,C
4900000200,Goods Movement,R
0100800000,Goods Movement,R
0005004643,Order,C
0090040779,Invoice,M
0087000784,Delivery,J
0005004644,Order,C
4900000185,Goods Movement,R
0100785000,Goods Movement,R
0087000785,Delivery,J
0090040780,Invoice,M
0005004645,Order,C
4900000186,Goods Movement,R
0100786000,Goods Movement,R
0087000786,Delivery,J
0090040781,Invoice,M
0005004646,Order,C
0090040782,Invoice,M
0087000787,Delivery,J
0005004647,Order,C
0090040783,Invoice,M
0087000788,Delivery,J
0005004648,Order,C
0090040784,Invoice,M
0005002033,Order,C
0090040501,Invoice,M
0087000041,Delivery,J
0005002034,Order,C
0090040502,Invoice,M
0087000042,Delivery,J
0005002035,Order,C
0090040503,Invoice,M
0087000043,Delivery,J
0005002036,Order,C
0090040504,Invoice,M
0087000044,Delivery,J
0005002039,Order,C
0090040507,Invoice,M
0087000047,Delivery,J
0005002040,Order,C
0090040508,Invoice,M
0087000048,Delivery,J
0005002041,Order,C
0090040509,Invoice,M
0087000049,Delivery,J
0000019222,Order,C
4900005821,Goods Movement,R
3048999000,Goods Movement,R
3048999001,Goods Movement,R
3048999002,Goods Movement,R
3048999003,Goods Movement,R
0080019011,Delivery,J
3429011000,Goods Movement,R
4900005872,Goods Movement,R
0000019230,Order,C
4900005873,Goods Movement,R
0080019012,Delivery,J
0005001000,Quotation,B
0005004203,Order,C
0090040517,Invoice,M
0087000340,Delivery,J
0005004204,Order,C
0090040518,Invoice,M
0087000341,Delivery,J
0005001004,Quotation,B
0005004205,Order,C
0090040519,Invoice,M
0087000342,Delivery,J
0005001014,Quotation,B
0005004218,Order,C
0005001021,Quotation,B
0005004230,Order,C
0005001044,Quotation,B
0005004271,Order,C
0005001062,Quotation,B
0005004304,Order,C
0005002026,Order,C
2300034000,Goods Movement,R
4900005697,Goods Movement,R
0087000034,Delivery,J
0005002030,Order,C
2300038000,Goods Movement,R
4900005701,Goods Movement,R
0087000038,Delivery,J
0087000800,Delivery,J
0090040795,Invoice,M
0005004660,Order,C
4900000201,Goods Movement,R
0100801000,Goods Movement,R
0087000801,Delivery,J
0090040796,Invoice,M
4900000202,Goods Movement,R
0005004482,Order,C
4900000043,Goods Movement,R
0087000623,Delivery,J
0005004486,Order,C
4900000046,Goods Movement,R
0087000627,Delivery,J
0005004492,Order,C
4900000052,Goods Movement,R
0087000633,Delivery,J
0005004497,Order,C
4900000056,Goods Movement,R
0087000638,Delivery,J
0005004498,Order,C
4900000057,Goods Movement,R
0087000639,Delivery,J
0005004499,Order,C
4900000058,Goods Movement,R
0087000640,Delivery,J
0005004503,Order,C
4900000061,Goods Movement,R
0087000644,Delivery,J
0005004504,Order,C
4900000062,Goods Movement,R
0087000645,Delivery,J
0015000287,Inquiry,A
0005001395,Quotation,B
0015000288,Inquiry,A
0005001396,Quotation,B
0005004556,Order,C
0090040699,Invoice,M
0087000697,Delivery,J
0015000289,Inquiry,A
0005001397,Quotation,B
0005004557,Order,C
0015000293,Inquiry,A
0005001401,Quotation,B
0005004560,Order,C
0090040703,Invoice,M
0087000701,Delivery,J
0015000294,Inquiry,A
0005001402,Quotation,B
0005004561,Order,C
0090040704,Invoice,M
0087000702,Delivery,J
0015000295,Inquiry,A
0005001403,Quotation,B
0005001408,Quotation,B
0005004565,Order,C
0005004225,Order,C
0090040522,Invoice,M
0087000368,Delivery,J
0005004244,Order,C
0090040532,Invoice,M
0087000387,Delivery,J
0005004276,Order,C
0090040533,Invoice,M
0087000419,Delivery,J
0005004221,Order,C
0090040534,Invoice,M
0087000364,Delivery,J
0005004266,Order,C
0090040535,Invoice,M
0087000409,Delivery,J
0005004280,Order,C
0090040536,Invoice,M
0087000423,Delivery,J
0005004289,Order,C
0090040537,Invoice,M
0087000432,Delivery,J
0005004216,Order,C
0090040538,Invoice,M
0087000359,Delivery,J
0005004207,Order,C
0090040539,Invoice,M
0087000350,Delivery,J
0005004263,Order,C
0090040540,Invoice,M
0087000406,Delivery,J
0005004282,Order,C
0090040548,Invoice,M
0087000425,Delivery,J
0090040549,Invoice,M
0087000373,Delivery,J
0005004251,Order,C
0090040550,Invoice,M
0087000394,Delivery,J
0015000235,Inquiry,A
0005001343,Quotation,B
0015000236,Inquiry,A
0005001344,Quotation,B
0005004517,Order,C
0090040668,Invoice,M
0087000658,Delivery,J
0015000237,Inquiry,A
0005001345,Quotation,B
0005004518,Order,C
0015000244,Inquiry,A
0005001352,Quotation,B
0005004527,Order,C
0090040677,Invoice,M
0087000668,Delivery,J
0015000256,Inquiry,A
0005001364,Quotation,B
0015000259,Inquiry,A
0005001367,Quotation,B
0005004538,Order,C
0015000268,Inquiry,A
0005001376,Quotation,B
0005004541,Order,C
0090040688,Invoice,M
0087000682,Delivery,J
0015000269,Inquiry,A
0005001377,Quotation,B
0090040689,Invoice,M
0015000270,Inquiry,A
0005001378,Quotation,B
0005004543,Order,C
0090040690,Invoice,M
0087000684,Delivery,J
0005004547,Order,C
0090040693,Invoice,M
0087000688,Delivery,J
0015000277,Inquiry,A
0005001385,Quotation,B
0005004549,Order,C
0090040695,Invoice,M
0087000690,Delivery,J
0015000279,Inquiry,A
0005001387,Quotation,B
0015000280,Inquiry,A
0005001388,Quotation,B
0005004550,Order,C
0090040696,Invoice,M
0087000691,Delivery,J
0015000281,Inquiry,A
0005001389,Quotation,B
0005004551,Order,C
0005004494,Order,C
4900000053,Goods Movement,R
0087000635,Delivery,J
0005004513,Order,C
4900000070,Goods Movement,R
0087000654,Delivery,J
0090040707,Invoice,M
0087000706,Delivery,J
0015000301,Inquiry,A
0005001409,Quotation,B
0015000306,Inquiry,A
0005001414,Quotation,B
0005004570,Order,C
0090040712,Invoice,M
0087000711,Delivery,J
0015000307,Inquiry,A
0005001415,Quotation,B
0015000308,Inquiry,A
0005001416,Quotation,B
0005004571,Order,C
0090040713,Invoice,M
0087000712,Delivery,J
0015000309,Inquiry,A
0005001417,Quotation,B
0005004572,Order,C
0015000310,Inquiry,A
0005001418,Quotation,B
0005004573,Order,C
0090040714,Invoice,M
0087000714,Delivery,J
0015000311,Inquiry,A
0005001419,Quotation,B
0005001420,Quotation,B
0005004574,Order,C
0090040715,Invoice,M
0087000715,Delivery,J
0015000314,Inquiry,A
0005001422,Quotation,B
0005004576,Order,C
0090040716,Invoice,M
0087000717,Delivery,J
0015000315,Inquiry,A
0005001423,Quotation,B
0015000316,Inquiry,A
0005001424,Quotation,B
0005004577,Order,C
0005004625,Order,C
0090040761,Invoice,M
0087000766,Delivery,J
0005004627,Order,C
0090040763,Invoice,M
0087000768,Delivery,J
0005004628,Order,C
0090040764,Invoice,M
0087000769,Delivery,J
0090040766,Invoice,M
0090040767,Invoice,M
0090040768,Invoice,M
0005004633,Order,C
0090040769,Invoice,M
0087000774,Delivery,J
0005002011,Order,C
0090040480,Invoice,M
0087000019,Delivery,J
0005002012,Order,C
0090040481,Invoice,M
0087000020,Delivery,J
0005002018,Order,C
0090040487,Invoice,M
0087000026,Delivery,J
0090040697,Invoice,M
0087000692,Delivery,J
0015000282,Inquiry,A
0005001390,Quotation,B
0005004552,Order,C
0090040698,Invoice,M
0087000693,Delivery,J
0015000286,Inquiry,A
0005001394,Quotation,B
0005004555,Order,C
0090040700,Invoice,M
0087000698,Delivery,J
0015000290,Inquiry,A
0005001398,Quotation,B
0005004558,Order,C
0090040701,Invoice,M
0087000699,Delivery,J
0015000291,Inquiry,A
0005001399,Quotation,B
0015000292,Inquiry,A
0005001400,Quotation,B
0005004559,Order,C
0090040702,Invoice,M
0087000700,Delivery,J
0015000296,Inquiry,A
0005001404,Quotation,B
0090040705,Invoice,M
0015000297,Inquiry,A
0005001405,Quotation,B
0005004563,Order,C
0005004215,Order,C
0090040551,Invoice,M
0087000358,Delivery,J
0005004292,Order,C
0090040552,Invoice,M
0087000435,Delivery,J
0005004256,Order,C
0090040555,Invoice,M
0087000399,Delivery,J
0005004298,Order,C
0090040556,Invoice,M
0087000441,Delivery,J
0005004293,Order,C
0090040567,Invoice,M
0087000436,Delivery,J
0005004233,Order,C
0090040568,Invoice,M
0087000376,Delivery,J
0005004253,Order,C
0090040569,Invoice,M
0087000396,Delivery,J
0005004247,Order,C
0090040573,Invoice,M
0087000390,Delivery,J
0090040574,Invoice,M
0087000414,Delivery,J
0005004228,Order,C
0090040575,Invoice,M
0087000371,Delivery,J
0090040576,Invoice,M
0087000447,Delivery,J
0005004329,Order,C
4900000002,Goods Movement,R
0087000467,Delivery,J
0005004337,Order,C
4900000008,Goods Movement,R
0087000476,Delivery,J
0005004349,Order,C
0090490000,Goods Movement,R
0087000490,Delivery,J
0005004431,Order,C
0090572000,Goods Movement,R
4900000021,Goods Movement,R
0000019165,Order,C
0090040514,Invoice,M
0080018958,Delivery,J
0000019155,Order,C
0090040515,Invoice,M
0080018954,Delivery,J
0015000298,Inquiry,A
0005001406,Quotation,B
0005004564,Order,C
0090040706,Invoice,M
0087000705,Delivery,J
0015000299,Inquiry,A
0005001407,Quotation,B
0015000300,Inquiry,A
0005004566,Order,C
0090040708,Invoice,M
0087000707,Delivery,J
0015000302,Inquiry,A
0005001410,Quotation,B
0005004567,Order,C
0090040709,Invoice,M
0087000708,Delivery,J
0015000303,Inquiry,A
0005001411,Quotation,B
0015000304,Inquiry,A
0005001412,Quotation,B
0090040710,Invoice,M
0015000305,Inquiry,A
0005001413,Quotation,B
0090040711,Invoice,M
0015000312,Inquiry,A
0090040717,Invoice,M
0087000718,Delivery,J
0015000317,Inquiry,A
0005001425,Quotation,B
0090040721,Invoice,M
0015000323,Inquiry,A
0005001431,Quotation,B
0015000324,Inquiry,A
0005001432,Quotation,B
0005004586,Order,C
0090040725,Invoice,M
0087000727,Delivery,J
0015000329,Inquiry,A
0005001437,Quotation,B
0005004587,Order,C
0090040726,Invoice,M
0087000728,Delivery,J
0015000330,Inquiry,A
0005001438,Quotation,B
0005004588,Order,C
0005004344,Order,C
0090485000,Goods Movement,R
0087000485,Delivery,J
0005004341,Order,C
4900000012,Goods Movement,R
0087000479,Delivery,J
0087000572,Delivery,J
0005004464,Order,C
4900000030,Goods Movement,R
0087000605,Delivery,J
0005004465,Order,C
4900000031,Goods Movement,R
0087000606,Delivery,J
0005004476,Order,C
4900000037,Goods Movement,R
0087000617,Delivery,J
0090040685,Invoice,M
0087000679,Delivery,J
0015000265,Inquiry,A
0005001373,Quotation,B
0005004539,Order,C
0090040686,Invoice,M
0087000680,Delivery,J
0015000266,Inquiry,A
0005001374,Quotation,B
0005004540,Order,C
0005002025,Order,C
2300033000,Goods Movement,R
4900005696,Goods Movement,R
0087000033,Delivery,J
2300044000,Goods Movement,R
4900005707,Goods Movement,R
2300049000,Goods Movement,R
4900005712,Goods Movement,R
0005004485,Order,C
4900000045,Goods Movement,R
0087000626,Delivery,J
0005004508,Order,C
4900000066,Goods Movement,R
0087000649,Delivery,J
0005004514,Order,C
4900000071,Goods Movement,R
0087000655,Delivery,J
0015000336,Inquiry,A
0005001444,Quotation,B
0005004592,Order,C
0015000340,Inquiry,A
0005001448,Quotation,B
0005004595,Order,C
0090040733,Invoice,M
0087000736,Delivery,J
0015000341,Inquiry,A
0005001449,Quotation,B
0005004596,Order,C
0090040734,Invoice,M
0087000737,Delivery,J
0015000342,Inquiry,A
0005001450,Quotation,B
0015000345,Inquiry,A
0005001453,Quotation,B
0005004599,Order,C
0090040736,Invoice,M
0087000740,Delivery,J
0015000346,Inquiry,A
0005001454,Quotation,B
0005004600,Order,C
0090040737,Invoice,M
0087000741,Delivery,J
0015000347,Inquiry,A
0005001455,Quotation,B
0015000348,Inquiry,A
0005001456,Quotation,B
0005004601,Order,C
0005004605,Order,C
0090040742,Invoice,M
0087000746,Delivery,J
0005004610,Order,C
0090040746,Invoice,M
0090040687,Invoice,M
0087000681,Delivery,J
0015000267,Inquiry,A
0005001375,Quotation,B
0015000271,Inquiry,A
0005001379,Quotation,B
0015000272,Inquiry,A
0005001380,Quotation,B
0005004544,Order,C
0015000273,Inquiry,A
0005001381,Quotation,B
0090040691,Invoice,M
0015000274,Inquiry,A
0005001382,Quotation,B
0005004546,Order,C
0090040692,Invoice,M
0087000687,Delivery,J
0015000275,Inquiry,A
0005001383,Quotation,B
0015000276,Inquiry,A
0005001384,Quotation,B
0005004548,Order,C
0090040694,Invoice,M
0087000689,Delivery,J
0015000278,Inquiry,A
0005001386,Quotation,B
0087000789,Delivery,J
0005004649,Order,C
0090040785,Invoice,M
0087000790,Delivery,J
0005004650,Order,C
0090040786,Invoice,M
0087000791,Delivery,J
0005002014,Order,C
2300022000,Goods Movement,R
4900005686,Goods Movement,R
0087000022,Delivery,J
0005002017,Order,C
2300025000,Goods Movement,R
4900005689,Goods Movement,R
0087000025,Delivery,J
2300047000,Goods Movement,R
4900005710,Goods Movement,R
2300048000,Goods Movement,R
4900005711,Goods Movement,R
3048999004,Goods Movement,R
3048999005,Goods Movement,R
3048999006,Goods Movement,R
3048999007,Goods Movement,R
0080018999,Delivery,J
0090040516,Invoice,M
0087000751,Delivery,J
0005004611,Order,C
0090040747,Invoice,M
0087000752,Delivery,J
0090040748,Invoice,M
0005004617,Order,C
0090040753,Invoice,M
0087000758,Delivery,J
0005004618,Order,C
0090040754,Invoice,M
0087000759,Delivery,J
0005004621,Order,C
0090040757,Invoice,M
0087000762,Delivery,J
0005004622,Order,C
0090040758,Invoice,M
0005004623,Order,C
0090040759,Invoice,M
0087000764,Delivery,J
4900005906,Goods Movement,R
0087000427,Delivery,J
4900005910,Goods Movement,R
4900005932,Goods Movement,R
4900005936,Goods Movement,R
0005004248,Order,C
4900005937,Goods Movement,R
0087000391,Delivery,J
0005004226,Order,C
4900005944,Goods Movement,R
0087000369,Delivery,J
0005004234,Order,C
4900005945,Goods Movement,R
0087000377,Delivery,J
0005004333,Order,C
4900000006,Goods Movement,R
0087000473,Delivery,J
0005004347,Order,C
4900000014,Goods Movement,R
0087000488,Delivery,J
0005004433,Order,C
0090574000,Goods Movement,R
4900000023,Goods Movement,R
0087000574,Delivery,J
0005004477,Order,C
4900000038,Goods Movement,R
0087000618,Delivery,J
0005004481,Order,C
4900000042,Goods Movement,R
0087000622,Delivery,J
4900000103,Goods Movement,R
4900000104,Goods Movement,R
2300020000,Goods Movement,R
4900005684,Goods Movement,R
2300041000,Goods Movement,R
4900005704,Goods Movement,R
0005002037,Order,C
2300045000,Goods Movement,R
4900005708,Goods Movement,R
0087000045,Delivery,J
0005002020,Order,C
2300028000,Goods Movement,R
4900005692,Goods Movement,R
0087000028,Delivery,J
0005002024,Order,C
2300032000,Goods Movement,R
4900005695,Goods Movement,R
0087000032,Delivery,J
0005002028,Order,C
2300036000,Goods Movement,R
4900005699,Goods Movement,R
0087000036,Delivery,J
0005002029,Order,C
2300037000,Goods Movement,R
4900005700,Goods Movement,R
0087000037,Delivery,J
0005004500,Order,C
4900000059,Goods Movement,R
0087000641,Delivery,J
0005004505,Order,C
4900000063,Goods Movement,R
0087000646,Delivery,J
4900000109,Goods Movement,R
4900000122,Goods Movement,R
0005001016,Quotation,B
0005004222,Order,C
0005001017,Quotation,B
0005004223,Order,C
0005001019,Quotation,B
0005001022,Quotation,B
0005004231,Order,C
0005001023,Quotation,B
0005001024,Quotation,B
0005001026,Quotation,B
0005004237,Order,C
0005001028,Quotation,B
0005004239,Order,C
0005001030,Quotation,B
0005001031,Quotation,B
0005004245,Order,C
0005001032,Quotation,B
0005004250,Order,C
0005001034,Quotation,B
0005001035,Quotation,B
0005004257,Order,C
0005001040,Quotation,B
0005004265,Order,C
0005002019,Order,C
2300027000,Goods Movement,R
4900005691,Goods Movement,R
0087000027,Delivery,J
0005002027,Order,C
2300035000,Goods Movement,R
4900005698,Goods Movement,R
0087000035,Delivery,J
0005004583,Order,C
4900000127,Goods Movement,R
0087000724,Delivery,J
0005004585,Order,C
4900000129,Goods Movement,R
0087000726,Delivery,J
4900000131,Goods Movement,R
4900000135,Goods Movement,R
0087000733,Delivery,J
4900000142,Goods Movement,R
4900000151,Goods Movement,R
0100751000,Goods Movement,R
0005004615,Order,C
4900000156,Goods Movement,R
0100756000,Goods Movement,R
0087000756,Delivery,J
4900000159,Goods Movement,R
0100759000,Goods Movement,R
4900000163,Goods Movement,R
0090040496,Invoice,M
0005002032,Order,C
0090040500,Invoice,M
0087000040,Delivery,J
0090040505,Invoice,M
0005002038,Order,C
0090040506,Invoice,M
0087000046,Delivery,J
0005004240,Order,C
4900005923,Goods Movement,R
0087000383,Delivery,J
0005004217,Order,C
4900005925,Goods Movement,R
0087000360,Delivery,J
4900005926,Goods Movement,R
0087000380,Delivery,J
0005004209,Order,C
4900005927,Goods Movement,R
0087000352,Delivery,J
0005004243,Order,C
4900005946,Goods Movement,R
0015000194,Inquiry,A
0005001302,Quotation,B
0090040641,Invoice,M
0015000195,Inquiry,A
0005001303,Quotation,B
0005004487,Order,C
0090040642,Invoice,M
0087000628,Delivery,J
0015000197,Inquiry,A
0005001305,Quotation,B
0005004488,Order,C
0090040643,Invoice,M
0087000629,Delivery,J
0015000198,Inquiry,A
0005001306,Quotation,B
0005004489,Order,C
0090040644,Invoice,M
0087000630,Delivery,J
0015000199,Inquiry,A
0005001307,Quotation,B
0015000200,Inquiry,A
0005001308,Quotation,B
0005004490,Order,C
0090040645,Invoice,M
0087000631,Delivery,J
0015000201,Inquiry,A
0005001309,Quotation,B
0005004491,Order,C
0015000202,Inquiry,A
0005001310,Quotation,B
0090040647,Invoice,M
0015000203,Inquiry,A
0005001311,Quotation,B
0015000204,Inquiry,A
0005001312,Quotation,B
0005004493,Order,C
0015000205,Inquiry,A
0005001313,Quotation,B
0090040648,Invoice,M
0015000206,Inquiry,A
0005001314,Quotation,B
0005004495,Order,C
0090040649,Invoice,M
0087000636,Delivery,J
0087000760,Delivery,J
0100760000,Goods Movement,R
4900000162,Goods Movement,R
0100762000,Goods Movement,R
4900000179,Goods Movement,R
0100779000,Goods Movement,R
4900000182,Goods Movement,R
0100782000,Goods Movement,R
4900000188,Goods Movement,R
0100788000,Goods Movement,R
4900000189,Goods Movement,R
0100789000,Goods Movement,R
4900000190,Goods Movement,R
0100790000,Goods Movement,R
4900000192,Goods Movement,R
0100792000,Goods Movement,R
0005004667,Order,C
4900000208,Goods Movement,R
0100808000,Goods Movement,R
0087000808,Delivery,J
0005004676,Order,C
4900000217,Goods Movement,R
0100817000,Goods Movement,R
0087000817,Delivery,J
4900005878,Goods Movement,R
0005004305,Order,C
4900005892,Goods Movement,R
0087000448,Delivery,J
4900005894,Goods Movement,R
0005004299,Order,C
4900005907,Goods Movement,R
0087000442,Delivery,J
0005004236,Order,C
4900005909,Goods Movement,R
0087000379,Delivery,J
4900005919,Goods Movement,R
0087000361,Delivery,J
0005004703,Order,C
4900000244,Goods Movement,R
0100844000,Goods Movement,R
0087000844,Delivery,J
0005004706,Order,C
4900000247,Goods Movement,R
0100847000,Goods Movement,R
0087000847,Delivery,J
0005004720,Order,C
4900000261,Goods Movement,R
0100861000,Goods Movement,R
0087000861,Delivery,J
0005004739,Order,C
4900000280,Goods Movement,R
0100880000,Goods Movement,R
0087000880,Delivery,J
0087000386,Delivery,J
0005004693,Order,C
0090040829,Invoice,M
0087000834,Delivery,J
0005004694,Order,C
0090040830,Invoice,M
0087000835,Delivery,J
0005004695,Order,C
0090040831,Invoice,M
0087000836,Delivery,J
0005004696,Order,C
0090040832,Invoice,M
0087000837,Delivery,J
0005004697,Order,C
0090040833,Invoice,M
0087000838,Delivery,J
0005004698,Order,C
0090040834,Invoice,M
0087000839,Delivery,J
0005004704,Order,C
0090040840,Invoice,M
0087000845,Delivery,J
0005004707,Order,C
0090040843,Invoice,M
0087000848,Delivery,J
0005004521,Order,C
4900000076,Goods Movement,R
0087000662,Delivery,J
4900000099,Goods Movement,R
4900000117,Goods Movement,R
0005004591,Order,C
4900000134,Goods Movement,R
0087000732,Delivery,J
0005004603,Order,C
4900000145,Goods Movement,R
0087000744,Delivery,J
0005004604,Order,C
4900000146,Goods Movement,R
0087000745,Delivery,J
4900000152,Goods Movement,R
0100752000,Goods Movement,R
0005004616,Order,C
4900000157,Goods Movement,R
0100757000,Goods Movement,R
0087000757,Delivery,J
4900000170,Goods Movement,R
0100770000,Goods Movement,R
4900000187,Goods Movement,R
0100787000,Goods Movement,R
0005004673,Order,C
4900000214,Goods Movement,R
0100814000,Goods Movement,R
0087000814,Delivery,J
0005004692,Order,C
4900000233,Goods Movement,R
0100833000,Goods Movement,R
0087000833,Delivery,J
4900000236,Goods Movement,R
0100836000,Goods Movement,R
4900005875,Goods Movement,R
4900005895,Goods Movement,R
4900005896,Goods Movement,R
4900005898,Goods Movement,R
4900005901,Goods Movement,R
0005004295,Order,C
4900005905,Goods Movement,R
0087000438,Delivery,J
4900005908,Goods Movement,R
0087000382,Delivery,J
4900005917,Goods Movement,R
4900005918,Goods Movement,R
4900005928,Goods Movement,R
0005004232,Order,C
4900005938,Goods Movement,R
0087000375,Delivery,J
4900005940,Goods Movement,R
0005004680,Order,C
4900000221,Goods Movement,R
0100821000,Goods Movement,R
0087000821,Delivery,J
0005004686,Order,C
4900000227,Goods Movement,R
0100827000,Goods Movement,R
4900000234,Goods Movement,R
0100834000,Goods Movement,R
0005004705,Order,C
4900000246,Goods Movement,R
0100846000,Goods Movement,R
0087000846,Delivery,J
0005004711,Order,C
4900000252,Goods Movement,R
0100852000,Goods Movement,R
0087000852,Delivery,J
0005004722,Order,C
4900000263,Goods Movement,R
0100863000,Goods Movement,R
0087000863,Delivery,J
0005004723,Order,C
4900000264,Goods Movement,R
0100864000,Goods Movement,R
0087000864,Delivery,J
0005004736,Order,C
4900000277,Goods Movement,R
0100877000,Goods Movement,R
0087000877,Delivery,J
0005004749,Order,C
4900000290,Goods Movement,R
0100890000,Goods Movement,R
0087000890,Delivery,J
0005004752,Order,C
4900000293,Goods Movement,R
0100893000,Goods Movement,R
0087000893,Delivery,J
0005004756,Order,C
4900000297,Goods Movement,R
0100897000,Goods Movement,R
0087000897,Delivery,J
0005004252,Order,C
4900005948,Goods Movement,R
0087000395,Delivery,J
0005004666,Order,C
4900000207,Goods Movement,R
0100807000,Goods Movement,R
0087000807,Delivery,J
0005004677,Order,C
4900000218,Goods Movement,R
0100818000,Goods Movement,R
0087000818,Delivery,J
4900000238,Goods Movement,R
0100838000,Goods Movement,R
0005004702,Order,C
4900000243,Goods Movement,R
0100843000,Goods Movement,R
0087000843,Delivery,J
0005004708,Order,C
0090040844,Invoice,M
0087000849,Delivery,J
0005004709,Order,C
0090040845,Invoice,M
0087000850,Delivery,J
0090040858,Invoice,M
0005002021,Order,C
2300029000,Goods Movement,R
4900005693,Goods Movement,R
0087000029,Delivery,J
0005002023,Order,C
2300031000,Goods Movement,R
4900005694,Goods Movement,R
0087000031,Delivery,J
2300040000,Goods Movement,R
4900005703,Goods Movement,R
2300046000,Goods Movement,R
4900005709,Goods Movement,R
0005004689,Order,C
4900000230,Goods Movement,R
0100830000,Goods Movement,R
0087000830,Delivery,J
4900000239,Goods Movement,R
0100839000,Goods Movement,R
0005004700,Order,C
4900000241,Goods Movement,R
0100841000,Goods Movement,R
0087000841,Delivery,J
0005004725,Order,C
4900000266,Goods Movement,R
0100866000,Goods Movement,R
0087000866,Delivery,J
0005004732,Order,C
4900000273,Goods Movement,R
0100873000,Goods Movement,R
0087000873,Delivery,J
0005004733,Order,C
4900000274,Goods Movement,R
0100874000,Goods Movement,R
0087000874,Delivery,J
0005004744,Order,C
4900000285,Goods Movement,R
0100885000,Goods Movement,R
0087000885,Delivery,J
0087000934,Delivery,J
0090040929,Invoice,M
0005004794,Order,C
4900000335,Goods Movement,R
0100935000,Goods Movement,R
0087000935,Delivery,J
0090040930,Invoice,M
0015000014,Inquiry,A
0005001126,Quotation,B
0015000016,Inquiry,A
0005001127,Quotation,B
0015000017,Inquiry,A
0005001128,Quotation,B
0015000148,Inquiry,A
0005001256,Quotation,B
0015000149,Inquiry,A
0005001257,Quotation,B
0005001268,Quotation,B
0005004460,Order,C
4900000090,Goods Movement,R
4900000093,Goods Movement,R
4900000097,Goods Movement,R
4900000120,Goods Movement,R
0005004579,Order,C
4900000124,Goods Movement,R
0087000720,Delivery,J
0005004593,Order,C
4900000136,Goods Movement,R
0087000734,Delivery,J
4900000138,Goods Movement,R
0005004613,Order,C
4900000154,Goods Movement,R
0100754000,Goods Movement,R
0087000754,Delivery,J
0005004614,Order,C
4900000155,Goods Movement,R
0100755000,Goods Movement,R
0087000755,Delivery,J
4900000166,Goods Movement,R
0100766000,Goods Movement,R
0090040495,Invoice,M
0090040497,Invoice,M
0090040498,Invoice,M
0005002031,Order,C
0090040499,Invoice,M
0087000039,Delivery,J
0090040510,Invoice,M
0090040513,Invoice,M
4900005899,Goods Movement,R
0005004246,Order,C
4900005904,Goods Movement,R
0087000389,Delivery,J
4900005915,Goods Movement,R
0087000422,Delivery,J
4900005929,Goods Movement,R
4900005931,Goods Movement,R
4900005943,Goods Movement,R
0087000365,Delivery,J
0005004691,Order,C
4900000232,Goods Movement,R
0100832000,Goods Movement,R
0087000832,Delivery,J
0005004699,Order,C
4900000240,Goods Movement,R
0100840000,Goods Movement,R
0087000840,Delivery,J
0005004701,Order,C
4900000242,Goods Movement,R
0100842000,Goods Movement,R
0087000842,Delivery,J
0005001113,Quotation,B
0005004316,Order,C
0005001114,Quotation,B
0005004318,Order,C
0005001115,Quotation,B
0005004319,Order,C
0015000005,Inquiry,A
0020000282,Quotation,B
0015000007,Inquiry,A
0020000283,Quotation,B
0020000287,Quotation,B
0020000288,Quotation,B
0015000006,Inquiry,A
0020000290,Quotation,B
4900000237,Goods Movement,R
0100837000,Goods Movement,R
0005004710,Order,C
4900000251,Goods Movement,R
0100851000,Goods Movement,R
0087000851,Delivery,J
0005004713,Order,C
4900000254,Goods Movement,R
0100854000,Goods Movement,R
0087000854,Delivery,J
0005004715,Order,C
4900000256,Goods Movement,R
0100856000,Goods Movement,R
0087000856,Delivery,J
0005004731,Order,C
4900000272,Goods Movement,R
0100872000,Goods Movement,R
0087000872,Delivery,J
0005004734,Order,C
4900000275,Goods Movement,R
0100875000,Goods Movement,R
0087000875,Delivery,J
0005004750,Order,C
4900000291,Goods Movement,R
0100891000,Goods Movement,R
0087000891,Delivery,J
0090040718,Invoice,M
0015000318,Inquiry,A
0005001426,Quotation,B
0090040719,Invoice,M
0015000319,Inquiry,A
0005001427,Quotation,B
0015000320,Inquiry,A
0005001428,Quotation,B
0005004580,Order,C
0015000321,Inquiry,A
0005001429,Quotation,B
0005004581,Order,C
0090040720,Invoice,M
0087000722,Delivery,J
0015000322,Inquiry,A
0005001430,Quotation,B
0090040722,Invoice,M
0015000325,Inquiry,A
0005001433,Quotation,B
0005004584,Order,C
0090040723,Invoice,M
0087000725,Delivery,J
0015000326,Inquiry,A
0005001434,Quotation,B
0090040724,Invoice,M
0005004668,Order,C
4900000209,Goods Movement,R
0100809000,Goods Movement,R
0087000809,Delivery,J
4900000248,Goods Movement,R
0100848000,Goods Movement,R
4900000249,Goods Movement,R
0100849000,Goods Movement,R
4900000250,Goods Movement,R
0100850000,Goods Movement,R
0005004712,Order,C
4900000253,Goods Movement,R
0100853000,Goods Movement,R
0087000853,Delivery,J
0005004716,Order,C
4900000257,Goods Movement,R
0100857000,Goods Movement,R
0087000857,Delivery,J
0005004718,Order,C
4900000259,Goods Movement,R
0100859000,Goods Movement,R
0087000859,Delivery,J
0005004719,Order,C
4900000260,Goods Movement,R
0100860000,Goods Movement,R
0087000860,Delivery,J
0005004721,Order,C
4900000262,Goods Movement,R
0100862000,Goods Movement,R
0087000862,Delivery,J
0005004724,Order,C
4900000265,Goods Movement,R
0005001006,Quotation,B
0005001008,Quotation,B
0005004211,Order,C
0005001010,Quotation,B
0005004213,Order,C
0005001012,Quotation,B
0005001013,Quotation,B
0005004787,Order,C
4900000328,Goods Movement,R
0100928000,Goods Movement,R
0087000928,Delivery,J
0005004800,Order,C
4900000341,Goods Movement,R
0100941000,Goods Movement,R
0087000941,Delivery,J
0005004802,Order,C
0090040938,Invoice,M
0087000943,Delivery,J
0005004808,Order,C
0090040944,Invoice,M
0015000327,Inquiry,A
0005001435,Quotation,B
0015000328,Inquiry,A
0005001436,Quotation,B
0090040727,Invoice,M
0087000729,Delivery,J
0015000331,Inquiry,A
0005001439,Quotation,B
0015000332,Inquiry,A
0005001440,Quotation,B
0005004589,Order,C
0015000333,Inquiry,A
0005001441,Quotation,B
0090040728,Invoice,M
0015000334,Inquiry,A
0005001442,Quotation,B
0090040729,Invoice,M
0015000335,Inquiry,A
0005001443,Quotation,B
0090040730,Invoice,M
0015000337,Inquiry,A
0005001445,Quotation,B
0090040731,Invoice,M
0015000338,Inquiry,A
0005001446,Quotation,B
0005004594,Order,C
0090040732,Invoice,M
0087000735,Delivery,J
0015000339,Inquiry,A
0005001447,Quotation,B
0090040735,Invoice,M
0015000343,Inquiry,A
0005001451,Quotation,B
0015000344,Inquiry,A
0005001452,Quotation,B
0005004598,Order,C
0090040738,Invoice,M
0087000742,Delivery,J
0015000349,Inquiry,A
0005001457,Quotation,B
0015000033,Inquiry,A
0005001143,Quotation,B
0015000032,Inquiry,A
0005001144,Quotation,B
0005004322,Order,C
0090040594,Invoice,M
0087000465,Delivery,J
0015000034,Inquiry,A
0005001145,Quotation,B
0015000038,Inquiry,A
0005001147,Quotation,B
0015000037,Inquiry,A
0005001148,Quotation,B
0005004338,Order,C
0090040595,Invoice,M
0090040596,Invoice,M
0015000035,Inquiry,A
0005001149,Quotation,B
0005004339,Order,C
0015000040,Inquiry,A
0005001150,Quotation,B
0090040597,Invoice,M
0015000042,Inquiry,A
0005001152,Quotation,B
0015000041,Inquiry,A
0005001154,Quotation,B
0015000046,Inquiry,A
0005001155,Quotation,B
0015000044,Inquiry,A
0005001156,Quotation,B
0005001158,Quotation,B
0015000159,Inquiry,A
0005001267,Quotation,B
0005004683,Order,C
4900000224,Goods Movement,R
0100824000,Goods Movement,R
0087000824,Delivery,J
0005004727,Order,C
0090040863,Invoice,M
0087000868,Delivery,J
0005004728,Order,C
0090040864,Invoice,M
0087000869,Delivery,J
0005002013,Order,C
0090040482,Invoice,M
0087000021,Delivery,J
0090040483,Invoice,M
0005002015,Order,C
0090040484,Invoice,M
0087000023,Delivery,J
0005002016,Order,C
0090040485,Invoice,M
0087000024,Delivery,J
0090040486,Invoice,M
0100865000,Goods Movement,R
0087000865,Delivery,J
0005004726,Order,C
4900000267,Goods Movement,R
0100867000,Goods Movement,R
0087000867,Delivery,J
4900000268,Goods Movement,R
0100868000,Goods Movement,R
0005004730,Order,C
4900000271,Goods Movement,R
0005004714,Order,C
0090040850,Invoice,M
0087000855,Delivery,J
0090040851,Invoice,M
0090040852,Invoice,M
0005004717,Order,C
0090040853,Invoice,M
0087000858,Delivery,J
0090040854,Invoice,M
0090040855,Invoice,M
0090040856,Invoice,M
0090040857,Invoice,M
0005004602,Order,C
0090040739,Invoice,M
0087000743,Delivery,J
0015000350,Inquiry,A
0005001458,Quotation,B
0090040740,Invoice,M
0015000351,Inquiry,A
0005001459,Quotation,B
0015000352,Inquiry,A
0005001460,Quotation,B
0090040741,Invoice,M
0015000353,Inquiry,A
0005001461,Quotation,B
0015000354,Inquiry,A
0005001462,Quotation,B
0090040743,Invoice,M
0015000355,Inquiry,A
0005001463,Quotation,B
0015000356,Inquiry,A
0005001464,Quotation,B
0005004607,Order,C
0015000357,Inquiry,A
0005001465,Quotation,B
0005004608,Order,C
0090040744,Invoice,M
0087000749,Delivery,J
0015000358,Inquiry,A
0005001466,Quotation,B
0090040745,Invoice,M
0090040749,Invoice,M
0090040750,Invoice,M
0005004729,Order,C
4900000270,Goods Movement,R
0100870000,Goods Movement,R
0087000870,Delivery,J
0090040865,Invoice,M
0090040866,Invoice,M
0087000871,Delivery,J
0090040867,Invoice,M
0090040868,Invoice,M
0005004735,Order,C
0090040871,Invoice,M
0087000876,Delivery,J
0015000217,Inquiry,A
0005001325,Quotation,B
0090040656,Invoice,M
0015000218,Inquiry,A
0005001326,Quotation,B
0015000220,Inquiry,A
0005001328,Quotation,B
0090040658,Invoice,M
0015000221,Inquiry,A
0005001329,Quotation,B
0005004506,Order,C
0090040659,Invoice,M
0087000647,Delivery,J
0015000222,Inquiry,A
0005001330,Quotation,B
0005004507,Order,C
0090040661,Invoice,M
0015000225,Inquiry,A
0005001333,Quotation,B
0005004509,Order,C
0015000231,Inquiry,A
0005001339,Quotation,B
0090040669,Invoice,M
0087000659,Delivery,J
0015000238,Inquiry,A
0005001346,Quotation,B
0005004519,Order,C
0090040670,Invoice,M
0087000660,Delivery,J
0015000239,Inquiry,A
0005001347,Quotation,B
0015000240,Inquiry,A
0005001348,Quotation,B
0005004520,Order,C
0015000241,Inquiry,A
0005001349,Quotation,B
0090040671,Invoice,M
0015000242,Inquiry,A
0005001350,Quotation,B
0005004522,Order,C
0090040672,Invoice,M
0005004798,Order,C
0090040934,Invoice,M
0087000939,Delivery,J
0005004799,Order,C
4900000340,Goods Movement,R
0100940000,Goods Movement,R
0087000940,Delivery,J
0090040935,Invoice,M
0090040936,Invoice,M
0005004801,Order,C
0090040937,Invoice,M
0087000942,Delivery,J
4900000343,Goods Movement,R
0100943000,Goods Movement,R
0005004803,Order,C
4900000344,Goods Movement,R
0100944000,Goods Movement,R
0087000944,Delivery,J
0090040939,Invoice,M
0090040751,Invoice,M
0090040752,Invoice,M
0005004619,Order,C
0090040755,Invoice,M
0005004620,Order,C
0090040756,Invoice,M
0087000761,Delivery,J
4900000178,Goods Movement,R
0100778000,Goods Movement,R
4900000183,Goods Movement,R
0100783000,Goods Movement,R
4900000184,Goods Movement,R
0100784000,Goods Movement,R
4900000191,Goods Movement,R
0100791000,Goods Movement,R
4900000193,Goods Movement,R
0100793000,Goods Movement,R
0005004679,Order,C
0090040815,Invoice,M
0087000820,Delivery,J
0090040816,Invoice,M
0005004681,Order,C
0090040817,Invoice,M
0087000822,Delivery,J
0005004682,Order,C
0090040818,Invoice,M
0087000823,Delivery,J
0090040819,Invoice,M
0005004684,Order,C
0090040820,Invoice,M
0087000825,Delivery,J
0005004685,Order,C
0090040821,Invoice,M
0087000826,Delivery,J
0090040822,Invoice,M
0087000663,Delivery,J
0015000243,Inquiry,A
0005001351,Quotation,B
0005004523,Order,C
0090040673,Invoice,M
0087000664,Delivery,J
0015000245,Inquiry,A
0005001353,Quotation,B
0005004524,Order,C
0090040674,Invoice,M
0087000665,Delivery,J
0015000246,Inquiry,A
0005001354,Quotation,B
0005004525,Order,C
0090040675,Invoice,M
0087000666,Delivery,J
0015000247,Inquiry,A
0005001355,Quotation,B
0015000248,Inquiry,A
0005001356,Quotation,B
0005004526,Order,C
0090040676,Invoice,M
0087000667,Delivery,J
0015000249,Inquiry,A
0005001357,Quotation,B
0015000250,Inquiry,A
0005001358,Quotation,B
0005004528,Order,C
0090040678,Invoice,M
0087000669,Delivery,J
0015000251,Inquiry,A
0005001359,Quotation,B
0015000252,Inquiry,A
0005001360,Quotation,B
0005004529,Order,C
0015000255,Inquiry,A
0005001363,Quotation,B
0100871000,Goods Movement,R
0005004740,Order,C
4900000281,Goods Movement,R
0100881000,Goods Movement,R
0087000881,Delivery,J
0005004742,Order,C
4900000283,Goods Movement,R
0100883000,Goods Movement,R
0087000827,Delivery,J
0005004687,Order,C
0090040823,Invoice,M
0087000828,Delivery,J
0005004688,Order,C
0090040824,Invoice,M
0087000829,Delivery,J
0090040825,Invoice,M
0005004690,Order,C
0090040826,Invoice,M
0087000831,Delivery,J
0087000949,Delivery,J
0005004809,Order,C
4900000350,Goods Movement,R
0100950000,Goods Movement,R
0087000950,Delivery,J
0090040945,Invoice,M
0005004810,Order,C
4900000351,Goods Movement,R
0100951000,Goods Movement,R
0087000951,Delivery,J
0005004532,Order,C
0090040679,Invoice,M
0087000673,Delivery,J
0015000257,Inquiry,A
0005001365,Quotation,B
0005004533,Order,C
0090040680,Invoice,M
0087000674,Delivery,J
0015000258,Inquiry,A
0005001366,Quotation,B
0005004534,Order,C
0090040681,Invoice,M
0087000675,Delivery,J
4900000198,Goods Movement,R
0100798000,Goods Movement,R
0005004665,Order,C
4900000206,Goods Movement,R
0100806000,Goods Movement,R
0087000806,Delivery,J
0005004678,Order,C
4900000219,Goods Movement,R
0100819000,Goods Movement,R
0087000819,Delivery,J
0005004753,Order,C
4900000294,Goods Movement,R
0100894000,Goods Movement,R
0087000894,Delivery,J
0005004757,Order,C
0090040893,Invoice,M
0087000898,Delivery,J
0005004758,Order,C
4900000299,Goods Movement,R
0100899000,Goods Movement,R
0087000899,Delivery,J
0090040835,Invoice,M
0090040836,Invoice,M
0090040837,Invoice,M
0090040838,Invoice,M
0090040839,Invoice,M
0090040841,Invoice,M
0090040842,Invoice,M
0087000883,Delivery,J
0005004743,Order,C
4900000284,Goods Movement,R
0100884000,Goods Movement,R
0087000884,Delivery,J
0005004745,Order,C
4900000286,Goods Movement,R
0100886000,Goods Movement,R
0087000886,Delivery,J
0005004747,Order,C
4900000288,Goods Movement,R
0100888000,Goods Movement,R
0087000888,Delivery,J
0005004748,Order,C
4900000289,Goods Movement,R
0100889000,Goods Movement,R
0087000889,Delivery,J
0005004754,Order,C
4900000295,Goods Movement,R
0100895000,Goods Movement,R
0087000895,Delivery,J
0005004760,Order,C
4900000301,Goods Movement,R
0100901000,Goods Movement,R
0087000901,Delivery,J
0005004761,Order,C
4900000302,Goods Movement,R
0100902000,Goods Movement,R
0087000902,Delivery,J
0005004774,Order,C
4900000315,Goods Movement,R
0100915000,Goods Movement,R
0087000915,Delivery,J
0005004776,Order,C
4900000317,Goods Movement,R
0100917000,Goods Movement,R
0090040892,Invoice,M
0005004763,Order,C
0090040899,Invoice,M
0087000904,Delivery,J
0005004764,Order,C
0090040900,Invoice,M
0087000905,Delivery,J
0005004765,Order,C
0090040901,Invoice,M
0087000906,Delivery,J
0005004766,Order,C
0090040902,Invoice,M
0087000907,Delivery,J
0005004769,Order,C
0090040905,Invoice,M
0087000910,Delivery,J
0005004770,Order,C
0090040906,Invoice,M
0087000911,Delivery,J
0005004771,Order,C
0090040907,Invoice,M
0087000912,Delivery,J
0005004772,Order,C
0090040908,Invoice,M
0090040894,Invoice,M
0005004759,Order,C
4900000300,Goods Movement,R
0100900000,Goods Movement,R
0087000900,Delivery,J
0090040895,Invoice,M
0090040896,Invoice,M
0090040897,Invoice,M
0005004762,Order,C
0090040898,Invoice,M
0087000903,Delivery,J
0005004767,Order,C
0090040903,Invoice,M
0087000908,Delivery,J
0005004768,Order,C
0090040904,Invoice,M
0087000909,Delivery,J
0090040846,Invoice,M
0090040847,Invoice,M
0090040848,Invoice,M
0090040849,Invoice,M
0090040859,Invoice,M
0090040860,Invoice,M
0090040861,Invoice,M
0090040862,Invoice,M
4900000078,Goods Movement,R
4900000085,Goods Movement,R
4900000092,Goods Movement,R
4900000101,Goods Movement,R
4900000107,Goods Movement,R
4900000113,Goods Movement,R
4900000114,Goods Movement,R
4900000119,Goods Movement,R
4900000137,Goods Movement,R
4900000141,Goods Movement,R
4900000174,Goods Movement,R
0100774000,Goods Movement,R
0005004672,Order,C
4900000213,Goods Movement,R
0100813000,Goods Movement,R
0087000813,Delivery,J
4900000231,Goods Movement,R
0100831000,Goods Movement,R
4900000235,Goods Movement,R
0100835000,Goods Movement,R
4900000255,Goods Movement,R
0100855000,Goods Movement,R
4900000276,Goods Movement,R
0100876000,Goods Movement,R
0005004737,Order,C
4900000278,Goods Movement,R
0100878000,Goods Movement,R
0087000878,Delivery,J
0005004738,Order,C
4900000279,Goods Movement,R
0100879000,Goods Movement,R
0087000879,Delivery,J
0005004741,Order,C
4900000282,Goods Movement,R
0100882000,Goods Movement,R
0087000882,Delivery,J
0005004746,Order,C
4900000287,Goods Movement,R
0100887000,Goods Movement,R
0087000887,Delivery,J
0087000913,Delivery,J
0005004775,Order,C
4900000316,Goods Movement,R
0100916000,Goods Movement,R
0087000916,Delivery,J
0090040912,Invoice,M
0087000917,Delivery,J
0005004777,Order,C
0090040913,Invoice,M
0087000918,Delivery,J
0005004779,Order,C
4900000320,Goods Movement,R
0100920000,Goods Movement,R
0087000920,Delivery,J
0005004780,Order,C
4900000321,Goods Movement,R
0100921000,Goods Movement,R
0087000921,Delivery,J
0005004781,Order,C
4900000322,Goods Movement,R
0100922000,Goods Movement,R
0087000922,Delivery,J
0090040917,Invoice,M
0005004782,Order,C
4900000323,Goods Movement,R
0100923000,Goods Movement,R
0087000923,Delivery,J
0090040918,Invoice,M
0090040869,Invoice,M
0090040870,Invoice,M
0090040872,Invoice,M
0090040873,Invoice,M
0090040874,Invoice,M
0090040875,Invoice,M
0090040876,Invoice,M
0090040877,Invoice,M
4900000074,Goods Movement,R
4900000084,Goods Movement,R
4900000088,Goods Movement,R
4900000102,Goods Movement,R
4900000111,Goods Movement,R
4900000118,Goods Movement,R
4900000130,Goods Movement,R
4900000158,Goods Movement,R
0100758000,Goods Movement,R
4900000164,Goods Movement,R
0100764000,Goods Movement,R
4900000169,Goods Movement,R
0100769000,Goods Movement,R
4900000176,Goods Movement,R
0100776000,Goods Movement,R
4900000229,Goods Movement,R
0100829000,Goods Movement,R
4900000245,Goods Movement,R
0100845000,Goods Movement,R
4900000258,Goods Movement,R
0100858000,Goods Movement,R
4900000269,Goods Movement,R
0100869000,Goods Movement,R
0005004751,Order,C
4900000292,Goods Movement,R
0100892000,Goods Movement,R
0087000892,Delivery,J
0005004773,Order,C
0090040909,Invoice,M
0087000914,Delivery,J
0090040910,Invoice,M
0090040911,Invoice,M
0005004778,Order,C
0090040914,Invoice,M
0087000919,Delivery,J
0005004783,Order,C
4900000324,Goods Movement,R
0100924000,Goods Movement,R
0087000924,Delivery,J
0090040919,Invoice,M
0005004784,Order,C
0090040920,Invoice,M
0087000925,Delivery,J
0005004785,Order,C
0090040921,Invoice,M
0087000926,Delivery,J
0090040923,Invoice,M
0005004791,Order,C
0090040927,Invoice,M
0087000932,Delivery,J
0005004795,Order,C
4900000336,Goods Movement,R
0100936000,Goods Movement,R
0087000936,Delivery,J
0090040931,Invoice,M
0090040878,Invoice,M
0090040879,Invoice,M
0090040880,Invoice,M
0090040881,Invoice,M
0090040882,Invoice,M
0090040883,Invoice,M
0090040884,Invoice,M
4900000177,Goods Movement,R
0100777000,Goods Movement,R
4900000195,Goods Movement,R
0100795000,Goods Movement,R
4900000205,Goods Movement,R
0100805000,Goods Movement,R
0005004669,Order,C
4900000210,Goods Movement,R
0100810000,Goods Movement,R
0087000810,Delivery,J
0005004675,Order,C
4900000216,Goods Movement,R
0100816000,Goods Movement,R
0087000816,Delivery,J
4900000220,Goods Movement,R
0100820000,Goods Movement,R
4900000223,Goods Movement,R
0100823000,Goods Movement,R
0005004755,Order,C
4900000296,Goods Movement,R
0100896000,Goods Movement,R
0087000896,Delivery,J
4900000298,Goods Movement,R
0100898000,Goods Movement,R
4900000305,Goods Movement,R
0090040915,Invoice,M
0090040916,Invoice,M
0005004796,Order,C
4900000337,Goods Movement,R
0100937000,Goods Movement,R
0087000937,Delivery,J
0090040932,Invoice,M
0005004797,Order,C
4900000338,Goods Movement,R
0100938000,Goods Movement,R
0087000938,Delivery,J
0090040933,Invoice,M
4900000339,Goods Movement,R
0100939000,Goods Movement,R
4900000342,Goods Movement,R
0100942000,Goods Movement,R
0005004804,Order,C
4900000345,Goods Movement,R
0100945000,Goods Movement,R
0087000945,Delivery,J
0090040940,Invoice,M
0005004805,Order,C
4900000346,Goods Movement,R
0100946000,Goods Movement,R
0087000946,Delivery,J
0090040941,Invoice,M
0005004806,Order,C
4900000347,Goods Movement,R
0100947000,Goods Movement,R
0087000947,Delivery,J
0090040942,Invoice,M
0005004807,Order,C
4900000348,Goods Movement,R
0100948000,Goods Movement,R
0087000948,Delivery,J
0090040943,Invoice,M
0090040885,Invoice,M
0090040886,Invoice,M
0090040887,Invoice,M
0090040888,Invoice,M
0090040889,Invoice,M
0090040890,Invoice,M
0090040891,Invoice,M
0100905000,Goods Movement,R
4900000310,Goods Movement,R
0100910000,Goods Movement,R
4900000312,Goods Movement,R
0100912000,Goods Movement,R
4900000318,Goods Movement,R
0100918000,Goods Movement,R
4900000319,Goods Movement,R
0100919000,Goods Movement,R
4900000349,Goods Movement,R
0100949000,Goods Movement,R
0090040946,Invoice,M
0005004811,Order,C
4900000352,Goods Movement,R
0100952000,Goods Movement,R
0087000952,Delivery,J
0090040947,Invoice,M
0005004812,Order,C
0090040948,Invoice,M
0087000953,Delivery,J
0005004813,Order,C
0090040949,Invoice,M
0087000954,Delivery,J
0005004814,Order,C
4900000355,Goods Movement,R
0100955000,Goods Movement,R
0087000955,Delivery,J
0090040950,Invoice,M
4900000353,Goods Movement,R
0100953000,Goods Movement,R
0005004815,Order,C
4900000356,Goods Movement,R
0100956000,Goods Movement,R
0087000956,Delivery,J
0090040951,Invoice,M
0005004816,Order,C
0090040952,Invoice,M
0087000957,Delivery,J
0005004817,Order,C
4900000358,Goods Movement,R
0100958000,Goods Movement,R
0087000958,Delivery,J
0090040953,Invoice,M
0005004818,Order,C
4900000359,Goods Movement,R
0100959000,Goods Movement,R
0087000959,Delivery,J
0090040954,Invoice,M
4900000303,Goods Movement,R
0100903000,Goods Movement,R
4900000304,Goods Movement,R
0100904000,Goods Movement,R
4900000306,Goods Movement,R
0100906000,Goods Movement,R
4900000307,Goods Movement,R
0100907000,Goods Movement,R
4900000308,Goods Movement,R
0100908000,Goods Movement,R
4900000309,Goods Movement,R
0100909000,Goods Movement,R
4900000311,Goods Movement,R
0100911000,Goods Movement,R
4900000313,Goods Movement,R
0100913000,Goods Movement,R
4900000314,Goods Movement,R
0100914000,Goods Movement,R
4900000325,Goods Movement,R
0100925000,Goods Movement,R
4900000326,Goods Movement,R
0100926000,Goods Movement,R
0005004786,Order,C
4900000327,Goods Movement,R
0100927000,Goods Movement,R
0087000927,Delivery,J
0090040922,Invoice,M
0005004788,Order,C
4900000329,Goods Movement,R
0100929000,Goods Movement,R
0087000929,Delivery,J
0090040924,Invoice,M
0005004789,Order,C
4900000330,Goods Movement,R
0100930000,Goods Movement,R
0087000930,Delivery,J
0090040925,Invoice,M
0005004790,Order,C
4900000331,Goods Movement,R
4900000354,Goods Movement,R
0100954000,Goods Movement,R
4900000357,Goods Movement,R
0100957000,Goods Movement,R
0005004819,Order,C
4900000360,Goods Movement,R
0100960000,Goods Movement,R
0087000960,Delivery,J
0090040955,Invoice,M
0005004820,Order,C
4900000361,Goods Movement,R
0100961000,Goods Movement,R
0087000961,Delivery,J
0090040956,Invoice,M
0005004821,Order,C
4900000362,Goods Movement,R
0100962000,Goods Movement,R
0087000962,Delivery,J
0090040957,Invoice,M
4900000073,Goods Movement,R
4900000079,Goods Movement,R
4900000081,Goods Movement,R
4900000083,Goods Movement,R
4900000087,Goods Movement,R
4900000091,Goods Movement,R
4900000095,Goods Movement,R
4900000098,Goods Movement,R
4900000105,Goods Movement,R
4900000106,Goods Movement,R
4900000112,Goods Movement,R
4900000125,Goods Movement,R
4900000132,Goods Movement,R
4900000144,Goods Movement,R
4900000147,Goods Movement,R
0015000079,Inquiry,A
0005001189,Quotation,B
0015000081,Inquiry,A
0005001190,Quotation,B
0005004356,Order,C
0005004357,Order,C
0015000085,Inquiry,A
0005001194,Quotation,B
0090040611,Invoice,M
0015000083,Inquiry,A
0005001195,Quotation,B
0015000087,Inquiry,A
0005001198,Quotation,B
0005004352,Order,C
0090040612,Invoice,M
0087000491,Delivery,J
0015000088,Inquiry,A
0005001199,Quotation,B
0015000089,Inquiry,A
0005001200,Quotation,B
0005004351,Order,C
0090040613,Invoice,M
0087000492,Delivery,J
0015000091,Inquiry,A
0005001201,Quotation,B
0005004360,Order,C
0090040614,Invoice,M
0087000493,Delivery,J
0015000090,Inquiry,A
0005001202,Quotation,B
0005004361,Order,C
0005004362,Order,C
0005004363,Order,C
0090040615,Invoice,M
0087000494,Delivery,J
0015000092,Inquiry,A
0005001203,Quotation,B
0015000164,Inquiry,A
0005001272,Quotation,B
0005004463,Order,C
0090040625,Invoice,M
0087000604,Delivery,J
0015000165,Inquiry,A
0005001273,Quotation,B
0090040626,Invoice,M
0015000166,Inquiry,A
0005001274,Quotation,B
0015000207,Inquiry,A
0005001315,Quotation,B
0005004496,Order,C
0090040650,Invoice,M
0087000637,Delivery,J
0015000209,Inquiry,A
0005001317,Quotation,B
0090040651,Invoice,M
0015000210,Inquiry,A
0005001318,Quotation,B
0015000213,Inquiry,A
0005001321,Quotation,B
0100931000,Goods Movement,R
0087000931,Delivery,J
0090040926,Invoice,M
4900000332,Goods Movement,R
0100932000,Goods Movement,R
0005004792,Order,C
4900000333,Goods Movement,R
0100933000,Goods Movement,R
0087000933,Delivery,J
0090040928,Invoice,M
0005004793,Order,C
4900000334,Goods Movement,R
0100934000,Goods Movement,R
0090040801,Invoice,M
0090040802,Invoice,M
0090040803,Invoice,M
0090040804,Invoice,M
0090040805,Invoice,M
0005004670,Order,C
0090040806,Invoice,M
0087000811,Delivery,J
0005004671,Order,C
0090040807,Invoice,M
0087000812,Delivery,J
0090040808,Invoice,M
4900000080,Goods Movement,R
4900000082,Goods Movement,R
4900000100,Goods Movement,R
4900000108,Goods Movement,R
4900000128,Goods Movement,R
4900000139,Goods Movement,R
4900000161,Goods Movement,R
0100761000,Goods Movement,R
4900000165,Goods Movement,R
0100765000,Goods Movement,R
4900000168,Goods Movement,R
0100768000,Goods Movement,R
4900000180,Goods Movement,R
0100780000,Goods Movement,R
4900000194,Goods Movement,R
0100794000,Goods Movement,R
4900000204,Goods Movement,R
0090040627,Invoice,M
0015000167,Inquiry,A
0005001275,Quotation,B
0015000168,Inquiry,A
0005001276,Quotation,B
0005004466,Order,C
0005001277,Quotation,B
0005004467,Order,C
0005001285,Quotation,B
0005004473,Order,C
0005001292,Quotation,B
0090040634,Invoice,M
0015000185,Inquiry,A
0005001293,Quotation,B
0005004479,Order,C
0090040635,Invoice,M
0087000620,Delivery,J
0015000186,Inquiry,A
0005001294,Quotation,B
0005004480,Order,C
0090040636,Invoice,M
0087000621,Delivery,J
0015000187,Inquiry,A
0005001295,Quotation,B
0015000188,Inquiry,A
0005001296,Quotation,B
0090040637,Invoice,M
0015000189,Inquiry,A
0005001297,Quotation,B
0090040638,Invoice,M
0015000190,Inquiry,A
0005001298,Quotation,B
0005004483,Order,C
0090040639,Invoice,M
0087000624,Delivery,J
0015000191,Inquiry,A
0005001299,Quotation,B
0015000192,Inquiry,A
0005001300,Quotation,B
0005004484,Order,C
0015000193,Inquiry,A
0005001301,Quotation,B
0090040640,Invoice,M
0005004270,Order,C
4900005890,Goods Movement,R
0087000413,Delivery,J
4900005912,Goods Movement,R
4900005913,Goods Movement,R
4900005914,Goods Movement,R
0087000393,Delivery,J
0005004242,Order,C
4900005924,Goods Movement,R
0087000385,Delivery,J
4900000075,Goods Movement,R
4900000077,Goods Movement,R
4900000086,Goods Movement,R
4900000089,Goods Movement,R
4900000121,Goods Movement,R
4900000143,Goods Movement,R
4900000149,Goods Movement,R
4900000160,Goods Movement,R
0090040809,Invoice,M
0005004674,Order,C
0090040810,Invoice,M
0087000815,Delivery,J
0090040811,Invoice,M
0090040812,Invoice,M
0090040813,Invoice,M
0090040814,Invoice,M
4900000228,Goods Movement,R
0100828000,Goods Movement,R
0100804000,Goods Movement,R
4900000211,Goods Movement,R
0100811000,Goods Movement,R
4900000212,Goods Movement,R
0100812000,Goods Movement,R
4900000215,Goods Movement,R
0100815000,Goods Movement,R
4900000222,Goods Movement,R
0100822000,Goods Movement,R
4900000225,Goods Movement,R
0100825000,Goods Movement,R
4900000226,Goods Movement,R
0100826000,Goods Movement,R
0090040827,Invoice,M
0090040828,Invoice,M
0087000609,Delivery,J
4900000033,Goods Movement,R
4900000040,Goods Movement,R
4900000041,Goods Movement,R
4900000050,Goods Movement,R
4900000051,Goods Movement,R
0087000632,Delivery,J
4900000064,Goods Movement,R
0015000227,Inquiry,A
0005001335,Quotation,B
0015000228,Inquiry,A
0005001336,Quotation,B
0005004511,Order,C
0015000229,Inquiry,A
0005001337,Quotation,B
0005004512,Order,C
4900000069,Goods Movement,R
0087000653,Delivery,J
0090040664,Invoice,M
0015000230,Inquiry,A
0005001338,Quotation,B
0090040665,Invoice,M
0015000232,Inquiry,A
0005001340,Quotation,B
0090040666,Invoice,M
0015000234,Inquiry,A
0005001342,Quotation,B
0005004516,Order,C
4900000072,Goods Movement,R
0087000657,Delivery,J
0090040667,Invoice,M
0090491000,Goods Movement,R
0005004364,Order,C
0015000093,Inquiry,A
0005001204,Quotation,B
0090496000,Goods Movement,R
0087000496,Delivery,J
0090040616,Invoice,M
0005004365,Order,C
0015000094,Inquiry,A
0005001205,Quotation,B
0015000108,Inquiry,A
0005001216,Quotation,B
0015000109,Inquiry,A
0005001217,Quotation,B
0005004423,Order,C
0015000110,Inquiry,A
0005001218,Quotation,B
0005004424,Order,C
0090040617,Invoice,M
0087000565,Delivery,J
0015000111,Inquiry,A
0005001219,Quotation,B
0005004425,Order,C
0090040618,Invoice,M
0087000566,Delivery,J
0015000112,Inquiry,A
0005001220,Quotation,B
0015000113,Inquiry,A
0005001221,Quotation,B
0005004426,Order,C
0090040619,Invoice,M
0087000567,Delivery,J
0015000114,Inquiry,A
0005001222,Quotation,B
0005004427,Order,C
0090568000,Goods Movement,R
4900000020,Goods Movement,R
0087000568,Delivery,J
0090040523,Invoice,M
0087000374,Delivery,J
0005004290,Order,C
0090040524,Invoice,M
0087000433,Delivery,J
0090040525,Invoice,M
0087000366,Delivery,J
0005004291,Order,C
0090040526,Invoice,M
0087000434,Delivery,J
0005004300,Order,C
0090040527,Invoice,M
0087000443,Delivery,J
0090040528,Invoice,M
0005004273,Order,C
0090040529,Invoice,M
0087000416,Delivery,J
0090040530,Invoice,M
0090040620,Invoice,M
0015000115,Inquiry,A
0005001223,Quotation,B
0005004428,Order,C
0015000116,Inquiry,A
0005001224,Quotation,B
0015000118,Inquiry,A
0005001226,Quotation,B
0005004430,Order,C
0015000119,Inquiry,A
0005001227,Quotation,B
0090040621,Invoice,M
0015000120,Inquiry,A
0005001228,Quotation,B
0015000121,Inquiry,A
0005001229,Quotation,B
0090040622,Invoice,M
0015000122,Inquiry,A
0005001230,Quotation,B
0090040623,Invoice,M
0015000123,Inquiry,A
0005001231,Quotation,B
0005004434,Order,C
0090040624,Invoice,M
0087000575,Delivery,J
0015000124,Inquiry,A
0005001232,Quotation,B
0015000125,Inquiry,A
0005001233,Quotation,B
0005004435,Order,C
0090040531,Invoice,M
0087000430,Delivery,J
0090040541,Invoice,M
0090040542,Invoice,M
0005004220,Order,C
0090040543,Invoice,M
0087000363,Delivery,J
0090040544,Invoice,M
0090040545,Invoice,M
0090040546,Invoice,M
0090040547,Invoice,M
0090040553,Invoice,M
0090040554,Invoice,M
0087000408,Delivery,J
0090040557,Invoice,M
0005004258,Order,C
0090040558,Invoice,M
0087000401,Delivery,J
0090040559,Invoice,M
0090040488,Invoice,M
0090040489,Invoice,M
0090040490,Invoice,M
0087000354,Delivery,J
0090040560,Invoice,M
0090040561,Invoice,M
0090040562,Invoice,M
0087000356,Delivery,J
0090040563,Invoice,M
0090040564,Invoice,M
0090040565,Invoice,M
0090040566,Invoice,M
0090040570,Invoice,M
0005004229,Order,C
0090040571,Invoice,M
0087000372,Delivery,J
0090040572,Invoice,M
0090040577,Invoice,M
0005004206,Order,C
0090040578,Invoice,M
0087000349,Delivery,J
0090040579,Invoice,M
0090040580,Invoice,M
0087000400,Delivery,J
0090040581,Invoice,M
0090040582,Invoice,M
0090040583,Invoice,M
0090040584,Invoice,M
0090040585,Invoice,M
4900005884,Goods Movement,R
4900005889,Goods Movement,R
4900005893,Goods Movement,R
4900005903,Goods Movement,R
4900005949,Goods Movement,R
0087000428,Delivery,J
4900005950,Goods Movement,R
0087000437,Delivery,J
0005004254,Order,C
4900005951,Goods Movement,R
0087000397,Delivery,J
4900000009,Goods Movement,R
0087000483,Delivery,J
4900000015,Goods Movement,R
0015000126,Inquiry,A
0005001234,Quotation,B
0005004436,Order,C
0015000127,Inquiry,A
0005001235,Quotation,B
0005004437,Order,C
0090040491,Invoice,M
0090040492,Invoice,M
0090040493,Invoice,M
0090040511,Invoice,M
0000019168,Order,C
0090040512,Invoice,M
0080018968,Delivery,J
0015000128,Inquiry,A
0005001236,Quotation,B
0015000129,Inquiry,A
0005001237,Quotation,B
0005004438,Order,C
0015000130,Inquiry,A
0005001238,Quotation,B
0005004439,Order,C
0015000137,Inquiry,A
0005001245,Quotation,B
0005004444,Order,C
0015000138,Inquiry,A
0005001246,Quotation,B
0005004445,Order,C
0015000139,Inquiry,A
0005001247,Quotation,B
0005004446,Order,C
0015000140,Inquiry,A
0005001248,Quotation,B
0015000141,Inquiry,A
0005001249,Quotation,B
0005004447,Order,C
0015000142,Inquiry,A
0005001250,Quotation,B
0005004448,Order,C
0015000143,Inquiry,A
0005001251,Quotation,B
0005004449,Order,C
0015000144,Inquiry,A
0005001252,Quotation,B
0015000146,Inquiry,A
0005001254,Quotation,B
0005004451,Order,C
0015000147,Inquiry,A
0005001255,Quotation,B
0005004452,Order,C
0005004453,Order,C
0015000150,Inquiry,A
0005001258,Quotation,B
0015000151,Inquiry,A
0005001259,Quotation,B
0005004454,Order,C
0015000152,Inquiry,A
0005001260,Quotation,B
0005004455,Order,C
2300023000,Goods Movement,R
4900005687,Goods Movement,R
2300039000,Goods Movement,R
4900005702,Goods Movement,R
4900005876,Goods Movement,R
0000019243,Order,C
4900005881,Goods Movement,R
0080019014,Delivery,J
0090040520,Invoice,M
0000019244,Order,C
4900005882,Goods Movement,R
0080019015,Delivery,J
0090040521,Invoice,M
4900005887,Goods Movement,R
4900005916,Goods Movement,R
2300019000,Goods Movement,R
4900005683,Goods Movement,R
4900005921,Goods Movement,R
4900005922,Goods Movement,R
0005001118,Quotation,B
0005004334,Order,C
4900000007,Goods Movement,R
0087000474,Delivery,J
0015000039,Inquiry,A
0005001163,Quotation,B
0015000055,Inquiry,A
0005001164,Quotation,B
0015000056,Inquiry,A
0005001165,Quotation,B
0015000057,Inquiry,A
0005001167,Quotation,B
0005004345,Order,C
0015000059,Inquiry,A
0005001170,Quotation,B
0090040602,Invoice,M
0015000062,Inquiry,A
0005001171,Quotation,B
0005004343,Order,C
0090484000,Goods Movement,R
0087000484,Delivery,J
0005004346,Order,C
4900000011,Goods Movement,R
0087000487,Delivery,J
4900000013,Goods Movement,R
0087000486,Delivery,J
4900000016,Goods Movement,R
0090494000,Goods Movement,R
0090575000,Goods Movement,R
4900000024,Goods Movement,R
2300021000,Goods Movement,R
4900005685,Goods Movement,R
2300024000,Goods Movement,R
4900005688,Goods Movement,R
2300026000,Goods Movement,R
4900005690,Goods Movement,R
0090040494,Invoice,M
2300042000,Goods Movement,R
4900005705,Goods Movement,R
2300043000,Goods Movement,R
4900005706,Goods Movement,R
0015000131,Inquiry,A
0005001239,Quotation,B
0005004440,Order,C
0015000132,Inquiry,A
0005001240,Quotation,B
0015000133,Inquiry,A
0005001241,Quotation,B
0005004441,Order,C
0015000134,Inquiry,A
0005001242,Quotation,B
0005004442,Order,C
0015000135,Inquiry,A
0005001243,Quotation,B
0005004443,Order,C
0015000136,Inquiry,A
0005001244,Quotation,B
0015000153,Inquiry,A
0005001261,Quotation,B
0005004456,Order,C
0015000155,Inquiry,A
0005001263,Quotation,B
0005004457,Order,C
0015000156,Inquiry,A
0005001264,Quotation,B
0005004458,Order,C
0015000157,Inquiry,A
0005001265,Quotation,B
0005004459,Order,C
0015000158,Inquiry,A
0005001266,Quotation,B
0015000160,Inquiry,A
0015000163,Inquiry,A
0005001271,Quotation,B
0015000169,Inquiry,A
4900000032,Goods Movement,R
0087000608,Delivery,J
0090040628,Invoice,M
0005001002,Quotation,B
0005004249,Order,C
0090040586,Invoice,M
0087000392,Delivery,J
0090040587,Invoice,M
0090040588,Invoice,M
0090040589,Invoice,M
0090040590,Invoice,M
0015000002,Inquiry,A
0020000280,Quotation,B
0005004321,Order,C
0020000281,Quotation,B
0020000284,Quotation,B
0020000286,Quotation,B
0020000289,Quotation,B
0005001116,Quotation,B
0015000009,Inquiry,A
0005001120,Quotation,B
0015000011,Inquiry,A
0005001121,Quotation,B
0005004326,Order,C
0015000010,Inquiry,A
0005001123,Quotation,B
0015000013,Inquiry,A
0005001124,Quotation,B
0015000022,Inquiry,A
0005001132,Quotation,B
0015000024,Inquiry,A
0005001133,Quotation,B
0080019003,Delivery,J
3209003000,Goods Movement,R
4900000000,Goods Movement,R
0005004336,Order,C
4900000010,Goods Movement,R
0087000481,Delivery,J
0090567000,Goods Movement,R
4900000019,Goods Movement,R
4900000029,Goods Movement,R
0015000170,Inquiry,A
0005001278,Quotation,B
0005004468,Order,C
0090040629,Invoice,M
0015000172,Inquiry,A
0005001280,Quotation,B
0015000177,Inquiry,A
4900000035,Goods Movement,R
0087000614,Delivery,J
0090040630,Invoice,M
0015000178,Inquiry,A
0005001286,Quotation,B
0090040592,Invoice,M
0087000464,Delivery,J
0015000026,Inquiry,A
0005001134,Quotation,B
0015000025,Inquiry,A
0005001135,Quotation,B
0015000019,Inquiry,A
0005001136,Quotation,B
0015000027,Inquiry,A
0005001137,Quotation,B
0015000021,Inquiry,A
0005001138,Quotation,B
0015000028,Inquiry,A
0005001139,Quotation,B
0015000029,Inquiry,A
0005001140,Quotation,B
0005004335,Order,C
0015000031,Inquiry,A
0005001142,Quotation,B
0090040593,Invoice,M
0015000036,Inquiry,A
0005001146,Quotation,B
0015000043,Inquiry,A
0005001151,Quotation,B
0015000049,Inquiry,A
0005001157,Quotation,B
0015000050,Inquiry,A
0015000048,Inquiry,A
0005001159,Quotation,B
0015000047,Inquiry,A
0005001160,Quotation,B
0090040598,Invoice,M
0015000054,Inquiry,A
0005001161,Quotation,B
0015000051,Inquiry,A
0005001162,Quotation,B
0090040599,Invoice,M
0090040600,Invoice,M
0087000478,Delivery,J
0015000053,Inquiry,A
0005001166,Quotation,B
0015000052,Inquiry,A
0005001168,Quotation,B
0090040631,Invoice,M
0015000179,Inquiry,A
0005001287,Quotation,B
0015000180,Inquiry,A
0005001288,Quotation,B
0005004475,Order,C
0015000181,Inquiry,A
0005001289,Quotation,B
0090040632,Invoice,M
0015000182,Inquiry,A
0005001290,Quotation,B
0090040633,Invoice,M
0015000183,Inquiry,A
0005001291,Quotation,B
0015000184,Inquiry,A
4900000044,Goods Movement,R
0015000196,Inquiry,A
0005001304,Quotation,B
4900000047,Goods Movement,R
4900000048,Goods Movement,R
4900000049,Goods Movement,R
0090040646,Invoice,M
4900000054,Goods Movement,R
0015000208,Inquiry,A
0005001316,Quotation,B
4900000055,Goods Movement,R
0090040652,Invoice,M
4900005885,Goods Movement,R
4900005886,Goods Movement,R
4900005888,Goods Movement,R
4900005891,Goods Movement,R
4900005897,Goods Movement,R
4900005900,Goods Movement,R
4900005902,Goods Movement,R
4900005911,Goods Movement,R
4900005920,Goods Movement,R
4900005930,Goods Movement,R
4900005933,Goods Movement,R
4900005935,Goods Movement,R
4900005939,Goods Movement,R
4900005942,Goods Movement,R
4900005952,Goods Movement,R
4900000003,Goods Movement,R
0090478000,Goods Movement,R
0090040601,Invoice,M
0015000058,Inquiry,A
0005001169,Quotation,B
0015000211,Inquiry,A
0005001319,Quotation,B
0015000212,Inquiry,A
0005001320,Quotation,B
0090040653,Invoice,M
0090040654,Invoice,M
0015000214,Inquiry,A
0005001322,Quotation,B
0005004501,Order,C
4900000060,Goods Movement,R
0087000642,Delivery,J
0090040655,Invoice,M
0015000215,Inquiry,A
0005001323,Quotation,B
0015000216,Inquiry,A
0005001324,Quotation,B
0005004502,Order,C
0090040657,Invoice,M
0015000219,Inquiry,A
0005001327,Quotation,B
4900000065,Goods Movement,R
0087000648,Delivery,J
0090040660,Invoice,M
0015000224,Inquiry,A
0005001332,Quotation,B
4900000067,Goods Movement,R
0087000650,Delivery,J
0090040662,Invoice,M
0015000226,Inquiry,A
0005001334,Quotation,B
0005004510,Order,C
4900000068,Goods Movement,R
0087000651,Delivery,J
0090040663,Invoice,M
0015000063,Inquiry,A
0005001172,Quotation,B
0090040603,Invoice,M
0015000061,Inquiry,A
0005001173,Quotation,B
0015000060,Inquiry,A
0005001174,Quotation,B
0015000064,Inquiry,A
0005001176,Quotation,B
0090040604,Invoice,M
0015000067,Inquiry,A
0005001177,Quotation,B
0090040605,Invoice,M
0015000066,Inquiry,A
0090040606,Invoice,M
0090040607,Invoice,M
0090040608,Invoice,M
0015000071,Inquiry,A
0005001179,Quotation,B
0090040609,Invoice,M
0015000072,Inquiry,A
0005001180,Quotation,B
0015000068,Inquiry,A
0005001181,Quotation,B
0015000077,Inquiry,A
0005001188,Quotation,B
0015000075,Inquiry,A
0005001192,Quotation,B
0015000084,Inquiry,A
0005001193,Quotation,B
0005004359,Order,C
0015000080,Inquiry,A
0005001196,Quotation,B
0015000086,Inquiry,A
0005001197,Quotation,B
4900000001,Goods Movement,R
0090492000,Goods Movement,R
0090565000,Goods Movement,R
4900000017,Goods Movement,R
0090566000,Goods Movement,R
4900000018,Goods Movement,R
0005004880,Order,C
0090041016,Invoice,M
0087001021,Delivery,J
0005004881,Order,C
0090041017,Invoice,M
0087001022,Delivery,J
0005004882,Order,C
0090041018,Invoice,M
0087001023,Delivery,J
0005004884,Order,C
0090041020,Invoice,M
0087001025,Delivery,J
0005004885,Order,C
0090041021,Invoice,M
0087001026,Delivery,J
0005004886,Order,C
0090041022,Invoice,M
0087001027,Delivery,J
0005004887,Order,C
0090041023,Invoice,M
0087001028,Delivery,J
0005004888,Order,C
0090041024,Invoice,M
0087001029,Delivery,J
0005004889,Order,C
0090041025,Invoice,M
0087001030,Delivery,J
0005004890,Order,C
0090041026,Invoice,M
0087001031,Delivery,J
0005004891,Order,C
0090041027,Invoice,M
0087001032,Delivery,J
0005004892,Order,C
0090041028,Invoice,M
0087001033,Delivery,J
0005004893,Order,C
0090041029,Invoice,M
0087001034,Delivery,J
0005004894,Order,C
0090041030,Invoice,M
0087001035,Delivery,J
0005004895,Order,C
0090041031,Invoice,M
0087001036,Delivery,J
0005004896,Order,C
0090041032,Invoice,M
0087001037,Delivery,J
0005004899,Order,C
0090041035,Invoice,M
0087001040,Delivery,J
0005004900,Order,C
0090041036,Invoice,M
0087001041,Delivery,J
0005004901,Order,C
0090041037,Invoice,M
0087001042,Delivery,J
0005004902,Order,C
0090041038,Invoice,M
0087001043,Delivery,J
0005004904,Order,C
0090041040,Invoice,M
0087001045,Delivery,J
0005004905,Order,C
0090041041,Invoice,M
0087001046,Delivery,J
0005004909,Order,C
0090041045,Invoice,M
0087001050,Delivery,J
0005004832,Order,C
4900000373,Goods Movement,R
0100973000,Goods Movement,R
0087000973,Delivery,J
0005004839,Order,C
4900000380,Goods Movement,R
0100980000,Goods Movement,R
0087000980,Delivery,J
0005004840,Order,C
4900000381,Goods Movement,R
0100981000,Goods Movement,R
0087000981,Delivery,J
0005004846,Order,C
4900000387,Goods Movement,R
0100987000,Goods Movement,R
0087000987,Delivery,J
0005004869,Order,C
4900000410,Goods Movement,R
0101010000,Goods Movement,R
0087001010,Delivery,J
4900000422,Goods Movement,R
0101022000,Goods Movement,R
0005004883,Order,C
4900000424,Goods Movement,R
0101024000,Goods Movement,R
0087001024,Delivery,J
4900000443,Goods Movement,R
0101043000,Goods Movement,R
0005004903,Order,C
4900000444,Goods Movement,R
0101044000,Goods Movement,R
0087001044,Delivery,J
0005004910,Order,C
0090041046,Invoice,M
0087001051,Delivery,J
0005004939,Order,C
0090041076,Invoice,M
0087001080,Delivery,J
0005004940,Order,C
0090041077,Invoice,M
0087001081,Delivery,J
0005004941,Order,C
0090041078,Invoice,M
0087001082,Delivery,J
0005004942,Order,C
0090041079,Invoice,M
0087001083,Delivery,J
0005004911,Order,C
4900000452,Goods Movement,R
0101052000,Goods Movement,R
0087001052,Delivery,J
0180000402,Delivery / Shipping Notification,7
5000004700,Other Document (p),p
5000004701,Goods Movement,R
0005004825,Order,C
4900000366,Goods Movement,R
0100966000,Goods Movement,R
0087000966,Delivery,J
0005004837,Order,C
4900000378,Goods Movement,R
0100978000,Goods Movement,R
0087000978,Delivery,J
0005004843,Order,C
4900000384,Goods Movement,R
0100984000,Goods Movement,R
0087000984,Delivery,J
0005004877,Order,C
4900000418,Goods Movement,R
0101018000,Goods Movement,R
0087001018,Delivery,J
4900000426,Goods Movement,R
0101026000,Goods Movement,R
4900000432,Goods Movement,R
0101032000,Goods Movement,R
0005004907,Order,C
4900000448,Goods Movement,R
0101048000,Goods Movement,R
0087001048,Delivery,J
0005004918,Order,C
4900000478,Goods Movement,R
0511059000,Goods Movement,R
0087001059,Delivery,J
0005004921,Order,C
4900000481,Goods Movement,R
0511062000,Goods Movement,R
0087001062,Delivery,J
0005004924,Order,C
4900000484,Goods Movement,R
0511065000,Goods Movement,R
0087001065,Delivery,J
0005004914,Order,C
4900000474,Goods Movement,R
0511055000,Goods Movement,R
0087001055,Delivery,J
0005004936,Order,C
4900000496,Goods Movement,R
0511077000,Goods Movement,R
0087001077,Delivery,J
0005004827,Order,C
4900000368,Goods Movement,R
0100968000,Goods Movement,R
0087000968,Delivery,J
0005004841,Order,C
4900000382,Goods Movement,R
0100982000,Goods Movement,R
0087000982,Delivery,J
0005004842,Order,C
4900000383,Goods Movement,R
0100983000,Goods Movement,R
0087000983,Delivery,J
0005004848,Order,C
4900000389,Goods Movement,R
0100989000,Goods Movement,R
0087000989,Delivery,J
0005004850,Order,C
4900000391,Goods Movement,R
0100991000,Goods Movement,R
0087000991,Delivery,J
0005004851,Order,C
4900000392,Goods Movement,R
0100992000,Goods Movement,R
0087000992,Delivery,J
0005004858,Order,C
4900000399,Goods Movement,R
0100999000,Goods Movement,R
0087000999,Delivery,J
0005004859,Order,C
4900000400,Goods Movement,R
0101000000,Goods Movement,R
0087001000,Delivery,J
0005004864,Order,C
4900000405,Goods Movement,R
0101005000,Goods Movement,R
0087001005,Delivery,J
0005004867,Order,C
4900000408,Goods Movement,R
0101008000,Goods Movement,R
0087001008,Delivery,J
0005004868,Order,C
4900000409,Goods Movement,R
0101009000,Goods Movement,R
0087001009,Delivery,J
4900000421,Goods Movement,R
0101021000,Goods Movement,R
4900000431,Goods Movement,R
0101031000,Goods Movement,R
4900000440,Goods Movement,R
0101040000,Goods Movement,R
4900000451,Goods Movement,R
0101051000,Goods Movement,R
0000019263,Order,C
4900000530,Goods Movement,R
0080019022,Delivery,J
5000004699,Other Document (p),p
0090041051,Invoice,M
0005004915,Order,C
0090041052,Invoice,M
0087001056,Delivery,J
0005004916,Order,C
0090041053,Invoice,M
0087001057,Delivery,J
0005004917,Order,C
0090041054,Invoice,M
0087001058,Delivery,J
0005004871,Order,C
4900000412,Goods Movement,R
0101012000,Goods Movement,R
0087001012,Delivery,J
0005004878,Order,C
4900000419,Goods Movement,R
0101019000,Goods Movement,R
0087001019,Delivery,J
0005004879,Order,C
4900000420,Goods Movement,R
0101020000,Goods Movement,R
0087001020,Delivery,J
4900000429,Goods Movement,R
0101029000,Goods Movement,R
0005004920,Order,C
4900000480,Goods Movement,R
0511061000,Goods Movement,R
0087001061,Delivery,J
0005004928,Order,C
4900000488,Goods Movement,R
0511069000,Goods Movement,R
0087001069,Delivery,J
0005004929,Order,C
4900000489,Goods Movement,R
0511070000,Goods Movement,R
0087001070,Delivery,J
4900000475,Goods Movement,R
0511056000,Goods Movement,R
0005004931,Order,C
4900000491,Goods Movement,R
0511072000,Goods Movement,R
0087001072,Delivery,J
0005004935,Order,C
4900000495,Goods Movement,R
0511076000,Goods Movement,R
0087001076,Delivery,J
0005004937,Order,C
4900000497,Goods Movement,R
0511078000,Goods Movement,R
0087001078,Delivery,J
4900000499,Goods Movement,R
0511080000,Goods Movement,R
4900000501,Goods Movement,R
0511082000,Goods Movement,R
0005004944,Order,C
4900000504,Goods Movement,R
0511085000,Goods Movement,R
0087001085,Delivery,J
0005004945,Order,C
4900000505,Goods Movement,R
0511086000,Goods Movement,R
0087001086,Delivery,J
0010000103,Inquiry,A
0020000291,Quotation,B
0000005037,Order,C
0060000166,Credit Memo Request,K
0010000104,Inquiry,A
0020000292,Quotation,B
0005004822,Order,C
0090040958,Invoice,M
0087000963,Delivery,J
0005004824,Order,C
0090040960,Invoice,M
0087000965,Delivery,J
0090040961,Invoice,M
0005004826,Order,C
0090040962,Invoice,M
0087000967,Delivery,J
0090040976,Invoice,M
0090040977,Invoice,M
0005004844,Order,C
0090040980,Invoice,M
0087000985,Delivery,J
0005004845,Order,C
0090040981,Invoice,M
0087000986,Delivery,J
0005001467,Quotation,B
0005004948,Order,C
0090041086,Invoice,M
0087001089,Delivery,J
0090040982,Invoice,M
0005004847,Order,C
0090040983,Invoice,M
0087000988,Delivery,J
0090040987,Invoice,M
0005004852,Order,C
0090040988,Invoice,M
0087000993,Delivery,J
0005004853,Order,C
0090040989,Invoice,M
0087000994,Delivery,J
0005004854,Order,C
0090040990,Invoice,M
0087000995,Delivery,J
0005004855,Order,C
0090040991,Invoice,M
0087000996,Delivery,J
0005004856,Order,C
0090040992,Invoice,M
0087000997,Delivery,J
0005004862,Order,C
0090040998,Invoice,M
0087001003,Delivery,J
0005004863,Order,C
0090040999,Invoice,M
0087001004,Delivery,J
0090041000,Invoice,M
0005004865,Order,C
0090041001,Invoice,M
0087001006,Delivery,J
0005004866,Order,C
0090041002,Invoice,M
0087001007,Delivery,J
0090041003,Invoice,M
0090041004,Invoice,M
0090041007,Invoice,M
0005004872,Order,C
0090041008,Invoice,M
0087001013,Delivery,J
0005004873,Order,C
0090041009,Invoice,M
0087001014,Delivery,J
0005004874,Order,C
0090041010,Invoice,M
0087001015,Delivery,J
0005004912,Order,C
0090041048,Invoice,M
0087001053,Delivery,J
0005004913,Order,C
0090041049,Invoice,M
0087001054,Delivery,J
0000005086,Order,C
4900000464,Goods Movement,R
0080019017,Delivery,J
0090041055,Invoice,M
0005004919,Order,C
0090041056,Invoice,M
0087001060,Delivery,J
0090041057,Invoice,M
0090041058,Invoice,M
0005004922,Order,C
0090041059,Invoice,M
0087001063,Delivery,J
0005004923,Order,C
0090041060,Invoice,M
0087001064,Delivery,J
0090041061,Invoice,M
0005004925,Order,C
0090041062,Invoice,M
0087001066,Delivery,J
0005004926,Order,C
0090041063,Invoice,M
0087001067,Delivery,J
0005004927,Order,C
0090041064,Invoice,M
0087001068,Delivery,J
0090041065,Invoice,M
0005004934,Order,C
0090041071,Invoice,M
0087001075,Delivery,J
0090041072,Invoice,M
0090041073,Invoice,M
0005004943,Order,C
0090041080,Invoice,M
0087001084,Delivery,J
0090041081,Invoice,M
0000019260,Order,C
4900000513,Goods Movement,R
0080019020,Delivery,J
0090041085,Invoice,M
4900000485,Goods Movement,R
0511066000,Goods Movement,R
0005004930,Order,C
4900000490,Goods Movement,R
0511071000,Goods Movement,R
0087001071,Delivery,J
4900000500,Goods Movement,R
0511081000,Goods Movement,R
4900000503,Goods Movement,R
0511084000,Goods Movement,R
4900000415,Goods Movement,R
0101015000,Goods Movement,R
0005004875,Order,C
4900000416,Goods Movement,R
0101016000,Goods Movement,R
0087001016,Delivery,J
0005004876,Order,C
4900000417,Goods Movement,R
0101017000,Goods Movement,R
0087001017,Delivery,J
4900000428,Goods Movement,R
0101028000,Goods Movement,R
4900000433,Goods Movement,R
0101033000,Goods Movement,R
4900000445,Goods Movement,R
0101045000,Goods Movement,R
4900000483,Goods Movement,R
0511064000,Goods Movement,R
4900000486,Goods Movement,R
0511067000,Goods Movement,R
4900000487,Goods Movement,R
0511068000,Goods Movement,R
0005004932,Order,C
4900000492,Goods Movement,R
0511073000,Goods Movement,R
0087001073,Delivery,J
0005004947,Order,C
4900000507,Goods Movement,R
0511088000,Goods Movement,R
0087001088,Delivery,J
4900000393,Goods Movement,R
0100993000,Goods Movement,R
4900000395,Goods Movement,R
0100995000,Goods Movement,R
4900000403,Goods Movement,R
0101003000,Goods Movement,R
4900000423,Goods Movement,R
0101023000,Goods Movement,R
4900000430,Goods Movement,R
0101030000,Goods Movement,R
4900000434,Goods Movement,R
0101034000,Goods Movement,R
4900000454,Goods Movement,R
0101054000,Goods Movement,R
0005004823,Order,C
0090040959,Invoice,M
0087000964,Delivery,J
0090040963,Invoice,M
0005004828,Order,C
0090040964,Invoice,M
0087000969,Delivery,J
0005004829,Order,C
0090040965,Invoice,M
0087000970,Delivery,J
0005004830,Order,C
0090040966,Invoice,M
0087000971,Delivery,J
0005004831,Order,C
0090040967,Invoice,M
0087000972,Delivery,J
0090040968,Invoice,M
0005004833,Order,C
0090040969,Invoice,M
0087000974,Delivery,J
0005004834,Order,C
0090040970,Invoice,M
0087000975,Delivery,J
0005004835,Order,C
0090040971,Invoice,M
0087000976,Delivery,J
0005004836,Order,C
0090040972,Invoice,M
0087000977,Delivery,J
0090040973,Invoice,M
0005004838,Order,C
0090040974,Invoice,M
0087000979,Delivery,J
0090040975,Invoice,M
0090040978,Invoice,M
4900000370,Goods Movement,R
0100970000,Goods Movement,R
4900000371,Goods Movement,R
0100971000,Goods Movement,R
4900000386,Goods Movement,R
0100986000,Goods Movement,R
4900000394,Goods Movement,R
0100994000,Goods Movement,R
0005004857,Order,C
4900000398,Goods Movement,R
0100998000,Goods Movement,R
0087000998,Delivery,J
0005004861,Order,C
4900000402,Goods Movement,R
0101002000,Goods Movement,R
0087001002,Delivery,J
4900000406,Goods Movement,R
0101006000,Goods Movement,R
4900000407,Goods Movement,R
0101007000,Goods Movement,R
4900000413,Goods Movement,R
0090040979,Invoice,M
0090040984,Invoice,M
0005004849,Order,C
0090040985,Invoice,M
0087000990,Delivery,J
0090040986,Invoice,M
0090040993,Invoice,M
0090040994,Invoice,M
0090040995,Invoice,M
0005004860,Order,C
0090040996,Invoice,M
0087001001,Delivery,J
0101013000,Goods Movement,R
4900000436,Goods Movement,R
0101036000,Goods Movement,R
0005004897,Order,C
4900000438,Goods Movement,R
0101038000,Goods Movement,R
0087001038,Delivery,J
0005004898,Order,C
4900000439,Goods Movement,R
0101039000,Goods Movement,R
0087001039,Delivery,J
4900000442,Goods Movement,R
0101042000,Goods Movement,R
4900000446,Goods Movement,R
0101046000,Goods Movement,R
0005004906,Order,C
4900000447,Goods Movement,R
0101047000,Goods Movement,R
0087001047,Delivery,J
0000019254,Order,C
4900000473,Goods Movement,R
0080019018,Delivery,J
0090041050,Invoice,M
0090040997,Invoice,M
0090041005,Invoice,M
0005004870,Order,C
0090041006,Invoice,M
0087001011,Delivery,J
0090041011,Invoice,M
0090041012,Invoice,M
0090041013,Invoice,M
0090041014,Invoice,M
0090041015,Invoice,M
0090041066,Invoice,M
0090041067,Invoice,M
0090041068,Invoice,M
0090041069,Invoice,M
0005004933,Order,C
4900000493,Goods Movement,R
0511074000,Goods Movement,R
0087001074,Delivery,J
0090041070,Invoice,M
0090041074,Invoice,M
0005004938,Order,C
0090041075,Invoice,M
0087001079,Delivery,J
0090041019,Invoice,M
0090041033,Invoice,M
0090041034,Invoice,M
0090041039,Invoice,M
0090041042,Invoice,M
0090041043,Invoice,M
0005004908,Order,C
0090041044,Invoice,M
0087001049,Delivery,J
4900000367,Goods Movement,R
0100967000,Goods Movement,R
4900000374,Goods Movement,R
0100974000,Goods Movement,R
4900000390,Goods Movement,R
0100990000,Goods Movement,R
4900000427,Goods Movement,R
0101027000,Goods Movement,R
4900000437,Goods Movement,R
0101037000,Goods Movement,R
4900000449,Goods Movement,R
0101049000,Goods Movement,R
4900000476,Goods Movement,R
0511057000,Goods Movement,R
4900000479,Goods Movement,R
0511060000,Goods Movement,R
4900000482,Goods Movement,R
0511063000,Goods Movement,R
0090041047,Invoice,M
4900000477,Goods Movement,R
0511058000,Goods Movement,R
0180000404,Delivery / Shipping Notification,7
5000004840,Other Document (p),p
5000004841,Goods Movement,R
0090041082,Invoice,M
0005004946,Order,C
4900000506,Goods Movement,R
0511087000,Goods Movement,R
0087001087,Delivery,J
0090041083,Invoice,M
0090041084,Invoice,M
0015000359,Inquiry,A
4900000517,Goods Movement,R
4900000363,Goods Movement,R
0100963000,Goods Movement,R
4900000364,Goods Movement,R
0100964000,Goods Movement,R
4900000365,Goods Movement,R
0100965000,Goods Movement,R
4900000375,Goods Movement,R
0100975000,Goods Movement,R
4900000376,Goods Movement,R
0100976000,Goods Movement,R
4900000379,Goods Movement,R
0100979000,Goods Movement,R
4900000385,Goods Movement,R
0100985000,Goods Movement,R
4900000388,Goods Movement,R
0100988000,Goods Movement,R
4900000425,Goods Movement,R
0101025000,Goods Movement,R
4900000435,Goods Movement,R
0101035000,Goods Movement,R
4900000441,Goods Movement,R
0101041000,Goods Movement,R
4900000450,Goods Movement,R
0101050000,Goods Movement,R
4900000453,Goods Movement,R
0101053000,Goods Movement,R
4900000494,Goods Movement,R
0511075000,Goods Movement,R
4900000498,Goods Movement,R
0511079000,Goods Movement,R
4900000502,Goods Movement,R
0511083000,Goods Movement,R
4900000369,Goods Movement,R
0100969000,Goods Movement,R
4900000372,Goods Movement,R
0100972000,Goods Movement,R
4900000377,Goods Movement,R
0100977000,Goods Movement,R
4900000396,Goods Movement,R
0100996000,Goods Movement,R
4900000397,Goods Movement,R
0100997000,Goods Movement,R
4900000401,Goods Movement,R
0101001000,Goods Movement,R
4900000404,Goods Movement,R
0101004000,Goods Movement,R
4900000411,Goods Movement,R
0101011000,Goods Movement,R
4900000414,Goods Movement,R
0101014000,Goods Movement,R
